path,size,sha256
data/raw/argentina/buenos-aires/2025-09-27/calendar.csv.gz,23268675,d8d9985e789c9d4486e3516d7769e0f5d71993213fa19ec48df50f5742935944
data/raw/argentina/buenos-aires/2025-09-27/listings.csv.gz,15504879,85a413ccbb5901105013d77c42bc9c9839e555f22b1d6ea8d5760af70d80eacb
data/raw/argentina/buenos-aires/2025-09-27/reviews.csv.gz,101549669,e97ca18193169c3ad8acac5755bff9837082fd9ebaf37be612c0bd858493e203
data/raw/argentina/buenos-aires/2025-12-29/calendar.csv.gz,23860146,250d284ca8fcbc21bbcc4958a02af0d8a63369f93e1407d0798f13c83f323eaf
data/raw/argentina/buenos-aires/2025-12-29/listings.csv.gz,13086626,54ae3fb7feb0fd5bdc1e693a4f4e2069241738f3991b6097b39f0b26ce99906d
data/raw/argentina/buenos-aires/2025-12-29/reviews.csv.gz,108076274,30a43269e976292226022420b4d940e98764689dcb93d9a45f11e484b34106e5
data/raw/argentina/buenos-aires/2026-03-30/calendar.csv.gz,23770765,0c7bc7cb2a2f388832d278d1154421f248d5a1409e4d06b90490abf66a0aab57
data/raw/argentina/buenos-aires/2026-03-30/listings.csv.gz,16771811,dac04084496bb446ab8687d6c4535bbe8574504ca31d92604758d0685dbd4951
data/raw/argentina/buenos-aires/2026-03-30/reviews.csv.gz,116899907,c917914f34aef684792971614859dad97c2314374176d21d4471a9111ce36303
data/raw/argentina/buenos-aires/2026-06-29/calendar.csv.gz,25374176,29ae44c47feced0a30f113f28f8179b1a12173e9cd965cc58cc117c4e8b135b8
data/raw/argentina/buenos-aires/2026-06-29/listings.csv.gz,16603969,7c1e7d739a577279d8559960d5341e296bf329117e8f5e43f30c52a0927d6c5d
data/raw/argentina/buenos-aires/2026-06-29/reviews.csv.gz,123979870,e02a6418c547921921f9c9a54cad035766ef5c03020fc877709b39071190a2cd
data/raw/australia/barossa-valley/2025-09-27/calendar.csv.gz,315997,3c43d438e6ac57108d69ca688d584d03fd691a194b119991ee2cc8a0fbaeb824
data/raw/australia/barossa-valley/2025-09-27/listings.csv.gz,192202,3c95cc8bbe9777fd772eb7d2e3d666cd76ec9a79431fda58706057038b746525
data/raw/australia/barossa-valley/2025-09-27/reviews.csv.gz,2186027,78bce4e15f4158da6b52b8225c62693c2046af85526d6ca1a59c7c96713b5b24
data/raw/australia/barossa-valley/2025-12-28/calendar.csv.gz,334730,3c4c0c774863c412f2115c6854f1011637fe1a962786507df52d4f1dbc2a56fe
data/raw/australia/barossa-valley/2025-12-28/listings.csv.gz,171283,6468d0540babc87fd0b3ee8509dee9d288ef876bcba68b604c0b2d6ee870929b
data/raw/australia/barossa-valley/2025-12-28/reviews.csv.gz,2330168,dada31a86d4b8d2919f9fbb17af52d0aac50edad9e415dc965b6d3cb184f90de
data/raw/australia/barossa-valley/2026-03-30/calendar.csv.gz,295492,b7636bd7b50bb516e692fdc99a429b8b54782402e2ceff5403be5820aaa841b6
data/raw/australia/barossa-valley/2026-03-30/listings.csv.gz,181761,d852767c244519a86312f265926d9f2da575e02b2977be1493e612b8cf5a6e6b
data/raw/australia/barossa-valley/2026-03-30/reviews.csv.gz,2177884,72b5879efd9342f1b29066b0c8ac64a9e219b91a39947d7862dc1c37d06863c9
data/raw/australia/barossa-valley/2026-06-29/calendar.csv.gz,326095,96847c8cec4786777fe1a250b579d95e404f041f445451af8741df319ca8a345
data/raw/australia/barossa-valley/2026-06-29/listings.csv.gz,200362,0e5157a5d98865a2d9a9f090523e5b3802b6ac82e706ea18cebfb4af3a3e245c
data/raw/australia/barossa-valley/2026-06-29/reviews.csv.gz,2419238,010ff54b9bcf1a2dbb57d21b5f4dd8b50c89b2a8eb09b9b93e76cae8706fc8b4
data/raw/australia/barwon-south-west-vic/2025-09-28/calendar.csv.gz,6440898,e54994f4b490ebd66575deee2c560c6a4159d5c3602581e4f4fcbad4d78ca99a
data/raw/australia/barwon-south-west-vic/2025-09-28/listings.csv.gz,4057043,3405566014de7c74aba8f09cd92d3764ccd25eee2501eabead7898f618fbcdf5
data/raw/australia/barwon-south-west-vic/2025-09-28/reviews.csv.gz,38958396,e10a89413fa400c6d3715c24098dbd844d8c498111fced962a1c71e9005cb15e
data/raw/australia/barwon-south-west-vic/2025-12-29/calendar.csv.gz,6806325,95e00f2ae81da7c84a7c92b4821a3f45f1c353abdf237157e9c65390c867150e
data/raw/australia/barwon-south-west-vic/2025-12-29/listings.csv.gz,3586884,87af4a35f4a73f9c8e27e87f32fb7065afa7eea9a69195fe1d0b0fccfd8398c5
data/raw/australia/barwon-south-west-vic/2025-12-29/reviews.csv.gz,40917533,69abd5e9098582ecef9216060c1a6c747b7c2d9eca96da8e6477c73d2b78e330
data/raw/australia/barwon-south-west-vic/2026-03-30/calendar.csv.gz,5254397,7b1f541b8f4908555ecd7b80efc3650001a2ce61181a6bf2dbacde02fb94520c
data/raw/australia/barwon-south-west-vic/2026-03-30/listings.csv.gz,3456575,95c7605a3325751f29442a7f038519b26ced3b32f16ff6e90717eef34a578000
data/raw/australia/barwon-south-west-vic/2026-03-30/reviews.csv.gz,36624581,337fe24f29a1df56a36e29f2540ac481acf95a49ff3d932d0e9718f3b6c4bcdf
data/raw/australia/barwon-south-west-vic/2026-06-29/calendar.csv.gz,6347684,2d6b52a0673d6c74c0afb8b04eea002e62821d61ba4badf3bbb0f25082dcc3a4
data/raw/australia/barwon-south-west-vic/2026-06-29/listings.csv.gz,4127073,65386892520542d01e0ea2ca0f971e5602f3e9b4ac8a59c87b5ebdd8af0dd90b
data/raw/australia/barwon-south-west-vic/2026-06-29/reviews.csv.gz,41675266,9b80708dffc103d15a792b282bf420088c0046c95ee3c74693ee518d4227b317
data/raw/australia/brisbane/2025-09-11/calendar.csv.gz,5177704,2cc57816ec1a1e95fbf8406ce05292095935c06249a5ddcefae15eed4415e7e0
data/raw/australia/brisbane/2025-09-11/listings.csv.gz,3566022,60c2deaf54fc975b100e6cb606a3df4fc793717bafe8393b93f7533c66e5d1b1
data/raw/australia/brisbane/2025-09-11/reviews.csv.gz,26459939,cc43c272e7a3437f07026ea2168b8f83041f23157bf615eaaee0fc5c122f8ee9
data/raw/australia/brisbane/2025-12-11/calendar.csv.gz,5675478,434ac9446835b9eef0e72396d1b1d187780a00d00492fd49bae2a7cfeddf4ef7
data/raw/australia/brisbane/2025-12-11/listings.csv.gz,3335983,07fb9210eda336e2a1dade778d77046b74d8a3ed208a5890939fc3a67b9d4d15
data/raw/australia/brisbane/2025-12-11/reviews.csv.gz,28440116,ff033177f6b7651a7931bd04a9dfde34dff0aa58fe700d28407a3a11c3691a22
data/raw/australia/brisbane/2026-03-19/calendar.csv.gz,5037991,9c259fc1c51fe561e781a476a132c2094a76c24ecd1c273886ef6251f9334cc4
data/raw/australia/brisbane/2026-03-19/listings.csv.gz,3507148,44b2b3e05450b10ffe202a4a690fed239483bdbe100a1f7628d44c76dccee437
data/raw/australia/brisbane/2026-03-19/reviews.csv.gz,28180157,55f902d1a45cc2aaef3fbcfb667d75933fe28841534db911355e03d73f0582dc
data/raw/australia/brisbane/2026-06-15/calendar.csv.gz,5605223,2cb7d1d1eec8e7323e0bbc5f0ecf0530fdce99ee349c23f567c45b21a5589d7e
data/raw/australia/brisbane/2026-06-15/listings.csv.gz,3840664,c191ee729dde9ecfe3481e0f549c9cbd6a6d76743e34e29cd672eb63af75fcdf
data/raw/australia/brisbane/2026-06-15/reviews.csv.gz,30381207,12133a32014c2df48f5ce6bef1738157dadcfda52963ae04aa3537088122ffb0
data/raw/australia/melbourne/2025-09-12/calendar.csv.gz,21497054,c7c2c4e88c6385ae67b667f450400472dbb14e5e9b02043ece5a5e6a65b3f4de
data/raw/australia/melbourne/2025-09-12/listings.csv.gz,14341545,e3fe31f94c2b991a5d6d9275f4e2e0faa7b61897371c282b3cc0e4dbbb2e0efb
data/raw/australia/melbourne/2025-09-12/reviews.csv.gz,92246094,49bb9f211925006a591e13a5f2f5d29042f095ac48bfc81e4561e1326d730149
data/raw/australia/melbourne/2025-12-12/calendar.csv.gz,23788689,a5bff1fcf0eb14f088155b6cd5e82921c32399801ce48734a87259f03e9a6076
data/raw/australia/melbourne/2025-12-12/listings.csv.gz,13972316,f8fb01445e9cd816019953dce0c2a45a3e19a1d4e8daadca1dc70bde06047a46
data/raw/australia/melbourne/2025-12-12/reviews.csv.gz,97097891,40e940de35c659b09b38770429c367d5a1c4ae0d463160ab37e598063a4a7939
data/raw/australia/melbourne/2026-03-21/calendar.csv.gz,14601750,5e5ea0813414c7ae4f5c9369bfeef2e5a4e124218a6d95b9f647681e76a6d9ed
data/raw/australia/melbourne/2026-03-21/listings.csv.gz,11071408,76926c5e20f7c7a0ff890d7c957362d8692fb2e5132d0cbb5ca7e2f1a8ecdf15
data/raw/australia/melbourne/2026-03-21/reviews.csv.gz,82874159,c409e284891feac2238e35e927a567167dd1f8d399e424e3224614f164984da1
data/raw/australia/melbourne/2026-06-16/calendar.csv.gz,22222407,327d20a57e262059cc1f1394e19cea460e08c69dab71d2ff27e4bb1e13ae70ff
data/raw/australia/melbourne/2026-06-16/listings.csv.gz,15270041,d164767f59dbf3b92115e2bb21f09746c8dc0745d5c8f3c883231f5c34f114e4
data/raw/australia/melbourne/2026-06-16/reviews.csv.gz,101517909,28af7a35b411fac8f186fc995de1f26de716a3c63ec9ec56b083a87e1cb69ba8
data/raw/australia/mid-north-coast/2025-09-14/calendar.csv.gz,4610844,1c4a1a063e748d5bbdcf1f82ccc874b0c7bc5b2821e5af4869a9abb411e8b865
data/raw/australia/mid-north-coast/2025-09-14/listings.csv.gz,2809609,a20c6bda171a10a4e5729059e97f872a31683f5de695f9fae55510227aaa9b5d
data/raw/australia/mid-north-coast/2025-09-14/reviews.csv.gz,25376873,1da1b7bd16f4ac43f887e4f7d2bea8615742689e0d194a6f1cbb78e3bda0e81b
data/raw/australia/mid-north-coast/2025-12-13/calendar.csv.gz,4948790,518f665a182d030f13cc4dcc3b99655f92c9fd750700b8b0a09cbc20efcecc55
data/raw/australia/mid-north-coast/2025-12-13/listings.csv.gz,2579657,9d0b92fff4e01ae8694ea7d315aa008ecb75a3a25d556718260a12556efbc91c
data/raw/australia/mid-north-coast/2025-12-13/reviews.csv.gz,26030170,659358201185e28de50d19c573207f79e613e0e4f0c979c766c43232b34c6334
data/raw/australia/mid-north-coast/2026-03-21/calendar.csv.gz,4140040,d816d5b31135a56d34786dcdd706534e774075bbb83a952fb99e4e14c1c6bdee
data/raw/australia/mid-north-coast/2026-03-21/listings.csv.gz,2569655,84a5c58af0367d86d4048f175a66838aebf01438b9ef273634e50d0f2a802abf
data/raw/australia/mid-north-coast/2026-03-21/reviews.csv.gz,23858743,63e51422778a06d33b114ab0843929b68eb8cf2849d8e025f534482b7d56dc8d
data/raw/australia/mid-north-coast/2026-06-19/calendar.csv.gz,4881801,a1f7398055e291bf44c68d18f815f7f371244eaf2bd25e83fdd5eb95e5ba16dc
data/raw/australia/mid-north-coast/2026-06-19/listings.csv.gz,3033008,cb6d5f878bace75a23514bf38fdaa22716cebadd5f64b4cc41e4524c51cf612e
data/raw/australia/mid-north-coast/2026-06-19/reviews.csv.gz,28046875,4638faf3c851ed43c81727f5ee04b50b87b555560709e63ffca3532b79010158
data/raw/australia/mornington-peninsula/2025-09-18/calendar.csv.gz,3967759,daedb0eede327e2593b47c59c51e1b6f20881ac6b5e240db6f5bd3d3ac065508
data/raw/australia/mornington-peninsula/2025-09-18/listings.csv.gz,2755020,20db484cad38027856300ed7cec59824d8044667b3a7c81c6e9b954b99f12929
data/raw/australia/mornington-peninsula/2025-09-18/reviews.csv.gz,19319528,76b01c05b3e76dc2a92ae4b28133d21f60d2d15202ee6c201bf4ecd556b50f70
data/raw/australia/mornington-peninsula/2025-12-22/calendar.csv.gz,4200399,2b7219780f0109e8650067d77066c7b7884665b9c143110cba7e8046122a13ff
data/raw/australia/mornington-peninsula/2025-12-22/listings.csv.gz,2424719,1081df2bb3594e849c01da40367e608fbbb10f67ad2021b43976dad54d8d3a31
data/raw/australia/mornington-peninsula/2025-12-22/reviews.csv.gz,19816891,8f93b5a8183deeb4a02a8ec65b0a770237e7b997fc0af4d975e8f768ff3dbe40
data/raw/australia/mornington-peninsula/2026-03-25/calendar.csv.gz,3387424,e1b4ff72c57b2fc10d1097b07cd2b15c4bb49ab76c981371cab0a9a9adc83549
data/raw/australia/mornington-peninsula/2026-03-25/listings.csv.gz,2394437,e03cf0617631f8a51a7832eded3d0730d52156e11950367c403f21b353dac5ca
data/raw/australia/mornington-peninsula/2026-03-25/reviews.csv.gz,17601261,9c4e8373dc877493d2ea463658b4203fce12f92f31f91f14a3200e1d3f07e8d3
data/raw/australia/mornington-peninsula/2026-06-22/calendar.csv.gz,3959158,1e277eac3e639614892c90deeca109d9a40b2817976f90925eab405c16ddf93e
data/raw/australia/mornington-peninsula/2026-06-22/listings.csv.gz,2776253,646bb8c39dcb1d9b33998a3d6ff75bc1a62f03ca32d36c30610529ac09f2fa4c
data/raw/australia/mornington-peninsula/2026-06-22/reviews.csv.gz,21018232,49c33d2f0d3e2ed197d2d7ebf974c9120559212b066dfcde89ae2ed0f9f8b2e4
data/raw/australia/northern-rivers/2025-09-22/calendar.csv.gz,5435022,5d1c782c0b6fe719ad1c92e91eb36c9a1a7a4fbc994039e3e54bdb8937d71301
data/raw/australia/northern-rivers/2025-09-22/listings.csv.gz,3686815,319a8844469c2f62e6115159b23b754cd8f98566d4bf1351ac1b9dd443965b9e
data/raw/australia/northern-rivers/2025-09-22/reviews.csv.gz,29659239,2c78f083989df3afa4aee653955f7867235e4ab9ea4512b845b8c5c21e5d82a6
data/raw/australia/northern-rivers/2025-12-25/calendar.csv.gz,5856926,126a129ba16ebe75145e7449743209be2cac4e475a65fb9fc706405070ef2f12
data/raw/australia/northern-rivers/2025-12-25/listings.csv.gz,3206416,3f62d948d33845ec712bd857f0b930d70f7fbbf5cf27056c74268a9b63c420d1
data/raw/australia/northern-rivers/2025-12-25/reviews.csv.gz,30710106,8796be36f52e104cb492e7bf6364a5c36cf4166e1faae601f45bc71560eb52e3
data/raw/australia/northern-rivers/2026-03-27/calendar.csv.gz,4461800,617af07c59b7f403813253db612a16ad842d03e73655d7de0c0b0d3b539e5d30
data/raw/australia/northern-rivers/2026-03-27/listings.csv.gz,2944749,2a8b812763137246e7c5f04ff85996f039ff0e8cd595fb6d70730f443899db13
data/raw/australia/northern-rivers/2026-03-27/reviews.csv.gz,26672059,93327e7f82e3398471a12c19a901e09e769e5f02518002b0d3e2b3de3ee60bd7
data/raw/australia/northern-rivers/2026-06-24/calendar.csv.gz,5714958,18f21aa3cbfbc7ba3287699d101d3171ffb4a2afb804402b3e8b5cd5f835d769
data/raw/australia/northern-rivers/2026-06-24/listings.csv.gz,3814423,f562c75f6ee708cc316c8cfd2835af3524ffd4fabefa7a75958446988e55d021
data/raw/australia/northern-rivers/2026-06-24/reviews.csv.gz,32197856,8e30ca0bc25401ef37804aeaf176974df9c43fd089ea5e1a6e9cec1702fdd22f
data/raw/australia/sunshine-coast/2025-09-30/calendar.csv.gz,6496782,70e030bd8628e210ab0525d766d0233c51dbc6452106dfdf35f9825fc1dce21d
data/raw/australia/sunshine-coast/2025-09-30/listings.csv.gz,4433223,99d5e22f202d2bac5755f892283d2e064ec525a83f8fa6dc4f2e54e52403304b
data/raw/australia/sunshine-coast/2025-09-30/reviews.csv.gz,36406215,d66e2380799975544d788fc91539fed1f95bd5a83b83ebc789ca52ee2196c0f7
data/raw/australia/sunshine-coast/2025-12-31/calendar.csv.gz,6078796,af3cfe6038f12795fe920f271c242336f2f70e2f5ab3d1851ae234ff479d4e99
data/raw/australia/sunshine-coast/2025-12-31/listings.csv.gz,3335762,314547bb3d3cf8480a75eadaf4946996c07faecdcabcd5b6ab12cc0eed49864e
data/raw/australia/sunshine-coast/2025-12-31/reviews.csv.gz,35155699,48d0c4c2fa941e0a16b639f18cbfa171cb35a145bff4d2944d522beb61935a1b
data/raw/australia/sunshine-coast/2026-03-31/calendar.csv.gz,5425018,e56e82c3723c8928e05388bdf090c98262dc83ee0384329ef120ec2b865730c5
data/raw/australia/sunshine-coast/2026-03-31/listings.csv.gz,3667297,a7e3c8deacfeb8b8e055843a3ba601b07131dad18ea9260d22fcff59378ca771
data/raw/australia/sunshine-coast/2026-03-31/reviews.csv.gz,33281922,fc9206a673daf4fcc248bc91328b8d1bbceacb7816c94325a595eeb5aeb70ed9
data/raw/australia/sunshine-coast/2026-06-30/calendar.csv.gz,6546675,9f5758f6dd352642d82ff6026898658e4d07ca4591dbd517a8cec856d4864fab
data/raw/australia/sunshine-coast/2026-06-30/listings.csv.gz,4519998,9ec57cb3026f03665c53af251ba82aee34d4d06b020c6c6c1ae3417b8bc7392f
data/raw/australia/sunshine-coast/2026-06-30/reviews.csv.gz,39397481,84abbc7f5162067b5dd2cb9df36d029414a54a7b6acfb36658889af76f642ec3
data/raw/australia/sydney/2025-09-12/calendar.csv.gz,15905040,603af35225fc91ac7af5d1a7a08f47973e42b031067321241e3c1181ace9787c
data/raw/australia/sydney/2025-09-12/listings.csv.gz,10561421,6d886ebee5f16c3ca96494f5bd36da0bfec8a8d628d227a96abe960e7a48d2d4
data/raw/australia/sydney/2025-09-12/reviews.csv.gz,72695051,21589b1f472b5d7a6b17560de34c1b5ddd84b2aaac193e175f5bafb8aa42155a
data/raw/australia/sydney/2025-12-12/calendar.csv.gz,18647040,a2b4802d471ae0dad90318884beaeafe79c6cac6443b258655e1616a9441db1b
data/raw/australia/sydney/2025-12-12/listings.csv.gz,11627165,bde52b1fc6679cdf2ef42e230a1009abeae9995754acd2a3ccae53308835790d
data/raw/australia/sydney/2025-12-12/reviews.csv.gz,77449899,5df5bc7e611e4160097ff26ec37130b2964fb1bc3286ba6899a2bf3acdb9dbb7
data/raw/australia/sydney/2026-03-21/calendar.csv.gz,11930170,52572af886e726913a46b5112cee31ff1d87d08daf831ab4948bbd8df61388d3
data/raw/australia/sydney/2026-03-21/listings.csv.gz,9036609,5697404fb8d640a1532f184dab5152bec24b62f45721934b557a3a1c948c8004
data/raw/australia/sydney/2026-03-21/reviews.csv.gz,68790038,cc4d1ea44ff3639679f6acb05bf0dc8c4f497d4633595eb1af757353f26cc95e
data/raw/australia/sydney/2026-06-16/calendar.csv.gz,17897549,7ce1b83795e82000f872886f187cac6a2b7f4b50a7bc829640689e8df0800b98
data/raw/australia/sydney/2026-06-16/listings.csv.gz,12633389,56c7b83723a195d6e4d0bf6d6ecd6da9b43b00cda9c9f6c08ffe11b7ee79597d
data/raw/australia/sydney/2026-06-16/reviews.csv.gz,84860225,cfd7ee701498d12186ba8425cf2be2dd34e92b9ae05cecfb32c0d340654d7798
data/raw/australia/tasmania/2025-09-11/calendar.csv.gz,5620352,486db652a6acd3385337d7115cb59638de50ccc45a11280bec867b8649212ad3
data/raw/australia/tasmania/2025-09-11/listings.csv.gz,4212391,2cb25e2152ce8d3485a3f06a418c3cbc64cc2de66351fe8ca162662273f2f9d1
data/raw/australia/tasmania/2025-09-11/reviews.csv.gz,59031208,4618f162b9e67bf316a2066bffb536a01a990010083008cd3be07e15c7f37e2a
data/raw/australia/tasmania/2025-12-12/calendar.csv.gz,5974122,2bcc0f483869311d1756a7e3efbe08c71f9b1614d33fafccab5c6a2826ba57a7
data/raw/australia/tasmania/2025-12-12/listings.csv.gz,3696053,f81fee5716cdd4f27b9727d47aae0d2880ddeea6b23e45228c348f2a01a69432
data/raw/australia/tasmania/2025-12-12/reviews.csv.gz,61816847,fa756243e6b5bbef48100a48087820a606c39b48fe6b640987c3662900107eb2
data/raw/australia/tasmania/2026-03-19/calendar.csv.gz,5321907,a1c9aab34998dc06a7ecfef0851142294f2617493685f9c14931c132b7ee5b8e
data/raw/australia/tasmania/2026-03-19/listings.csv.gz,3843701,7783f12efa81383dea46d4b7ebc04c6c97807509087b6fe8e3d55c804ed06c91
data/raw/australia/tasmania/2026-03-19/reviews.csv.gz,61035303,7bf72915656dd67401d5c06fb5d5ba5e5d3f12bb9f3201cd0d8393dbc78c8ca9
data/raw/australia/tasmania/2026-06-15/calendar.csv.gz,5839685,dfbaf65b41cdf655e30ce588642c0edeaa3b617c18788d325f6685a225f98628
data/raw/australia/tasmania/2026-06-15/listings.csv.gz,4165279,871d0cd467d8fd1c8a611a7ca74c6b751ad241b010bc815a3d18c19f595c4b92
data/raw/australia/tasmania/2026-06-15/reviews.csv.gz,65897351,e5752bdcbe2446ecd31765bc7b275af68434afbc456ba3b90a86d88405b57128
data/raw/australia/western-australia/2025-09-26/calendar.csv.gz,11505987,6cee122009239341c1294d07a9bba7d0ae8f4dd5e60cf1f0eee3d0bdd31644c5
data/raw/australia/western-australia/2025-09-26/listings.csv.gz,7985670,cf1678af8171789e9ae6cb0855df27ccbdd8e885bd3a98e6f3a3205ae8ab4e91
data/raw/australia/western-australia/2025-09-26/reviews.csv.gz,72314951,e77f29478878cc515a73e8dd7dfdb1a4f0ebde1e3f56aa18d2778518f7b9d47b
data/raw/australia/western-australia/2025-12-28/calendar.csv.gz,11227872,1f1e540d66220cda7b6021438d749b113d6f6d011c671eb0c7b7a32931e81f2c
data/raw/australia/western-australia/2025-12-28/listings.csv.gz,6622579,b73ea7eebf5ad2d26dd19834467be696b779f12609ed2c7bac3bfdb67e5b8806
data/raw/australia/western-australia/2025-12-28/reviews.csv.gz,72556323,63e6ca187110d2d7758135420f818d203c22ae53bf31dbe796cc3a25b9608c99
data/raw/australia/western-australia/2026-03-29/calendar.csv.gz,9450079,a5a36d8746fddb0bbf09e77e9e024d221425cb200be21519cb983c424fa0d5b4
data/raw/australia/western-australia/2026-03-29/listings.csv.gz,6806517,871df9b3e4de80955875310f697e166c0f67c1af0415c27bdb7109f9434f032a
data/raw/australia/western-australia/2026-03-29/reviews.csv.gz,65777780,917275eea0234286269a7a3f679f5bb91f52af9e49d677f037b91f826b7f516c
data/raw/australia/western-australia/2026-06-28/calendar.csv.gz,10622369,ac9ff739c42d0961ec211dcc07750887ec9a2756d2d6fd3d296727030e6eced7
data/raw/australia/western-australia/2026-06-28/listings.csv.gz,7913256,0ccfc212f6b0145a64f2f1b253229ae81eff14fe46ca576f1a1b82566161b85c
data/raw/australia/western-australia/2026-06-28/reviews.csv.gz,74704088,6a7fe999e6f243f883535bb3167080ba45049ccf9330bef77fbd8f1c8004ad71
data/raw/austria/vienna/2025-09-14/calendar.csv.gz,12077151,837ee9dfc3a133b3b5198ca641e4d78e34f0f0ff2927ba70ae9b408e1ba528b3
data/raw/austria/vienna/2025-09-14/listings.csv.gz,6860812,294f7679e58cec5f681b2dafb5d728492c4b8b8645e400adab045fe05b982df4
data/raw/austria/vienna/2025-09-14/reviews.csv.gz,76348047,ae05e59b6cbcd75a6f12a3fe1eee9ae598df45a50809161a5a81d7b1991f1689
data/raw/austria/vienna/2025-12-16/calendar.csv.gz,12648818,cd75ccd2e41067cd9b6f35f96e6abb82b7b99b50e8c58ebe0319d085fc99cd18
data/raw/austria/vienna/2025-12-16/listings.csv.gz,6091806,0533e9087ac50e6feebfaca2437d7a2fa63c65d80de3edcdb896b3e746bb3d5d
data/raw/austria/vienna/2025-12-16/reviews.csv.gz,79323418,e5c7c8f7f9d5c9c62b872027b4ceb3be7ee65bb6e5adbbeee643a2fa46bd1d03
data/raw/austria/vienna/2026-03-24/calendar.csv.gz,6919931,6539cbb7fef6b79d6b4947e817cc8a933110e6db3789cb599146b20c4bce4b11
data/raw/austria/vienna/2026-03-24/listings.csv.gz,3950520,21dfba6e67ffb5e78d24a8ed185eb425d2f9e6ffb2408dd037f7eb0730cb9574
data/raw/austria/vienna/2026-03-24/reviews.csv.gz,58661113,488d7389df5640631afcac1c92b21ce80ae398e7db9ae257dabe5f7d640f3158
data/raw/austria/vienna/2026-06-20/calendar.csv.gz,11566491,e3db1631a8f2c388b98228dd964a0488934dba533fd8bb096b7d93f9fe27f5db
data/raw/austria/vienna/2026-06-20/listings.csv.gz,7343950,9711514b64a8f984e74cf43f40a6f19c33e34d09719f1a647c9b4da1b0149f94
data/raw/austria/vienna/2026-06-20/reviews.csv.gz,81406738,fb1b705b8ac7bf5244b87b9337ac6918229820231454112010b76213a14d9739
data/raw/belgium/antwerp/2025-09-28/calendar.csv.gz,2189989,ddd36b5a349d572a9dfbd46d824c1f0eed484c0c59d8ed8514a6e920220b685f
data/raw/belgium/antwerp/2025-09-28/listings.csv.gz,1196539,fafc23e296b564665bc1ecf31127cec2ea49157e8de677cdc075ab068356c9a6
data/raw/belgium/antwerp/2025-09-28/reviews.csv.gz,13939455,ae1b5d4b884d722f8ff26775f62598af0fb9f56a5209c8339518a6d1bd504bda
data/raw/belgium/antwerp/2025-12-29/calendar.csv.gz,2229697,9aa7d37eb810d2e6bd949a4c1671946eeeb660dc3a71a91968b78dc3ff99df0c
data/raw/belgium/antwerp/2025-12-29/listings.csv.gz,1005760,3860d25b8c0ea196c994b729393c5fc39e75a33ebca84b75e7d778e3253639c2
data/raw/belgium/antwerp/2025-12-29/reviews.csv.gz,14137096,909e4e568eebffc377b247462a7f8b8b16423a6af58a36f66763bb94f3a1ebad
data/raw/belgium/antwerp/2026-03-30/calendar.csv.gz,1651821,a10eeb3f99b9da48471f6f4c15c5e39aa4b114a794991de30a8d92fe092d777d
data/raw/belgium/antwerp/2026-03-30/listings.csv.gz,946733,aaa72cd6f859b3f120cf645818ea28aaec15293fa0a537bf2a484fa5fdd55588
data/raw/belgium/antwerp/2026-03-30/reviews.csv.gz,12087914,dd5f0dff87311fe6b8251c2c42a0c01384bcb0c33ecb8e9b8b3fa207c1f966e4
data/raw/belgium/antwerp/2026-06-29/calendar.csv.gz,2243001,6e062259d0f4825dc879f326c1873c4a1c0559ea8301b7c7f0222f5af319dc45
data/raw/belgium/antwerp/2026-06-29/listings.csv.gz,1258664,4d117cae542afdd3070df4829622cf4ef9f817b718b3b252032c1bde2fde7c9c
data/raw/belgium/antwerp/2026-06-29/reviews.csv.gz,14718823,59e1772b875a0c784f25a9e2bec96330c8d3ce251c1a9289c32de6ccc12b6136
data/raw/belgium/brussels/2025-09-23/calendar.csv.gz,5279328,1b096ba19bb7b2c272f41a26c0a1a762e7f8e1b0f3d10d4f0a128e3f8654a91d
data/raw/belgium/brussels/2025-09-23/listings.csv.gz,2866295,b5d04134b2fc770b0cc622b0c2c0796ce5275c4b8234bc06ea37bc764f798ec0
data/raw/belgium/brussels/2025-09-23/reviews.csv.gz,36180529,1daeb5919ddb16ad095175827edd626b675311bb6f8f5394fbddbb4caf3c5739
data/raw/belgium/brussels/2025-12-27/calendar.csv.gz,5240267,9123df1538a693306bc95ae8ceb8587a8e7a81b4a227a49bbea28a082ec2b364
data/raw/belgium/brussels/2025-12-27/listings.csv.gz,2422237,a602cfa8781acea1d636341f30f8bb5c50236d61fcf6301ef23faefa01764a9a
data/raw/belgium/brussels/2025-12-27/reviews.csv.gz,37966632,1f5c30cc524d30372e621cbe4a9c276d8058243205bdd9a8ea737e33bac1aab5
data/raw/belgium/brussels/2026-03-29/calendar.csv.gz,3287441,72e4c0106823af12451e627e29c1ea3d373d525136a6a2c0aadcc11f8c8a251f
data/raw/belgium/brussels/2026-03-29/listings.csv.gz,1552490,8016a5892194788f24a359401f3b7145f76ab6f093dd3c6c4ca608568b9f970e
data/raw/belgium/brussels/2026-03-29/reviews.csv.gz,30032657,7f242c760b869a06538dab6f2aa00ae74fab2d6e625bfb28f33aa5dbcc855da7
data/raw/belgium/brussels/2026-06-27/calendar.csv.gz,4438777,7690ccd2ccf97d9de0d63508d182fcb322d2648df2b966e44124a6bcaf8a29c2
data/raw/belgium/brussels/2026-06-27/listings.csv.gz,2816546,bfc168a85820fad3f3cd03c16bc0146dfe9c333260b692634b246bb1b4cfc2d8
data/raw/belgium/brussels/2026-06-27/reviews.csv.gz,38661319,0fa7288e0e4fa61a838345c66c5811ec58d991072aebb97ae9347bdadf3dfbeb
data/raw/belgium/ghent/2025-09-26/calendar.csv.gz,1215691,74643b4b814ae2a6f481af9d9b26966f5190ddb037ec392ce62f35164f53f8d7
data/raw/belgium/ghent/2025-09-26/listings.csv.gz,710397,e4dbf2f05271ceaec1172b96d69fe8ef672bc47d1530480145d0c2645db6df35
data/raw/belgium/ghent/2025-09-26/reviews.csv.gz,11264181,0c082a5203961861b4b2033410f7c68a90c39e797957eb7a8cba287810981424
data/raw/belgium/ghent/2025-12-28/calendar.csv.gz,1099638,a37d64ac657cb6c8d28f8bb3d4c3b3cf3f1d29585ef1765840d679497663d1c2
data/raw/belgium/ghent/2025-12-28/listings.csv.gz,551367,a1fb3fef3d5ca1e568d1865be00f9d32371f488fcf53e95d09caf893bb396929
data/raw/belgium/ghent/2025-12-28/reviews.csv.gz,11298882,5b73e29ce1431ecd606689d27e486e203c1cc6a9231aee8281e04aed2634eac8
data/raw/belgium/ghent/2026-03-30/calendar.csv.gz,857973,627e0a5a8a23f08fa15025f5f34f2e741fef82ca218b120db9206675eab37431
data/raw/belgium/ghent/2026-03-30/listings.csv.gz,530032,dc78a74c59dfdc93d553748e20c951eab68da8187ced41be4794e658b6cccaf9
data/raw/belgium/ghent/2026-03-30/reviews.csv.gz,9334488,cf81d43a76e4cf1d0d37db1457e9991145cfebdfe50350b359ed6b606249589f
data/raw/belgium/ghent/2026-06-29/calendar.csv.gz,1226929,e30cd738e9ca1b23595ae0501fb2b57a8b43b9f7093e97875c735a1254076766
data/raw/belgium/ghent/2026-06-29/listings.csv.gz,746128,e88e098cd3058b1ee7fb6ea39b06b83d270f78a36da443c83e6d19e71ca4d289
data/raw/belgium/ghent/2026-06-29/reviews.csv.gz,12325506,a6cd5ff35a1724ab506f2413741fbee9ff29a209a44cae23c641ad8bffb2fed7
data/raw/belize/belize/2025-09-28/calendar.csv.gz,3227580,dc9e4f7199b7152567e9d1c5e9421bc8171c1c9dfc461f9ef5f9af6431115152
data/raw/belize/belize/2025-09-28/listings.csv.gz,1728836,2013d1eb57f09100321556f4816ddb95da5753933de731bbb24e69f8ac4d8b3c
data/raw/belize/belize/2025-09-28/reviews.csv.gz,13900901,3557ddea2917e2ce9cb9c6e4db52a91c45db8cee3a4c7b02e8768be058a45395
data/raw/belize/belize/2025-12-29/calendar.csv.gz,3366105,903aa8219917a03462344d6c8c739fb9ff1e4d3263d969d9731a11135080d160
data/raw/belize/belize/2025-12-29/listings.csv.gz,1526314,8988f51dc21df3141a79c055008af39b16f8d7ebb117723c8197d48fc6815f4c
data/raw/belize/belize/2025-12-29/reviews.csv.gz,14210976,49fa119c501234ad9ed9a680f45ad677413c254d77061d4c7f7d39250b36eaec
data/raw/belize/belize/2026-03-30/calendar.csv.gz,2825775,237f888ae1f40ddede027240c5d619aba0b0857f9dcd64301133f1634d3867a1
data/raw/belize/belize/2026-03-30/listings.csv.gz,1610051,006673203351195b22eb16bdf9eeb8aef2b116f37926acc81697b84086d9d5c2
data/raw/belize/belize/2026-03-30/reviews.csv.gz,13988842,9c701fb8be88723085bf6171a105c8b396f542f3f5e4e923577a0ad46c7e73c1
data/raw/belize/belize/2026-06-29/calendar.csv.gz,3159423,4ca2bc6390332c843d46f8cb7f86a1b86ef88da98cd143b70530f1b9da58630c
data/raw/belize/belize/2026-06-29/listings.csv.gz,1813075,45961755435aaec2f98885a0a4b5811a91faeb7dbd5f5a7ef626265ced5e2247
data/raw/belize/belize/2026-06-29/reviews.csv.gz,14976003,5fbcce7ea7bf10bbb17c7ec674f8da1c69610b551eac17fee13d8d02648e8ad8
data/raw/brazil/rio-de-janeiro/2025-09-26/calendar.csv.gz,38152701,4a888c53b3ceab52eae828af9eb0c797312f07b3005245e64508c02cbaa419ad
data/raw/brazil/rio-de-janeiro/2025-09-26/listings.csv.gz,22554003,c02f97d432f9affcb9ccaf7cdceeb869ff27fbb24f4e48758b12508bfb43eea8
data/raw/brazil/rio-de-janeiro/2025-09-26/reviews.csv.gz,125484326,17ca85ba1d7244d5e65bc70ce8f93f0acfcf9168be8acb8980c19442809beeb5
data/raw/brazil/rio-de-janeiro/2025-12-28/calendar.csv.gz,43445223,5f06930dc21badc347bab145a73603bfd9daf520437401257fffe5f1fc4bdccf
data/raw/brazil/rio-de-janeiro/2025-12-28/listings.csv.gz,22416118,86078ec76dc4d3935a91867178f0a24ecc977c8ce65800a3377ec4efa46c8103
data/raw/brazil/rio-de-janeiro/2025-12-28/reviews.csv.gz,133148525,543846724a317a6480694c25c65543e070fd19a9a33c5eb38684b9dfae26aab0
data/raw/brazil/rio-de-janeiro/2026-03-30/calendar.csv.gz,36377379,a67b01c3ff2ccce1e10aaacd6b802101beef9fecf786fa962bd820b40b9728e8
data/raw/brazil/rio-de-janeiro/2026-03-30/listings.csv.gz,23370365,e51d3af3d65fb3a7faae58c300d21b326c346d36aee1ca256dd04228bf6424b2
data/raw/brazil/rio-de-janeiro/2026-03-30/reviews.csv.gz,132537727,05cc43ce6474bbfd6f8443f124e33a5d75141e5ed9949fdbd4b015470d15cba9
data/raw/brazil/rio-de-janeiro/2026-06-24/calendar.csv.gz,43607500,090de39a0b929fdaa3f12a47e4d2100bde6e466e28d0d037bf0913326f85f1e3
data/raw/brazil/rio-de-janeiro/2026-06-24/listings.csv.gz,23740232,f4f5fb9389d3abdf89b73fcd26f0ad180c5b11447ca6f7580350deb165a916c2
data/raw/brazil/rio-de-janeiro/2026-06-24/reviews.csv.gz,154976477,4a305d7f4ff0769d3558d9bc74f9246165cbbe2418d4c17a553196fa0a289042
data/raw/brazil/sao-paulo/2026-06-14/calendar.csv.gz,36634577,1e89e91a0a208c74208e404550a8f9a64b6cdae6a053d43e411157a69138b930
data/raw/brazil/sao-paulo/2026-06-14/listings.csv.gz,24428483,bcac253acef155de0fed15f4c565a294ff9558a040f8dedffc3467dc77de18fe
data/raw/brazil/sao-paulo/2026-06-14/reviews.csv.gz,138698574,548932537801bd68d0e5bc7d883631d12d379acab0ec33c2a7404c64abf981b7
data/raw/canada/montreal/2025-09-18/calendar.csv.gz,8186635,4a3cfa4762bd11bce406254ad4541b5505cbe3a2cc45947c8b9c205196915269
data/raw/canada/montreal/2025-09-18/listings.csv.gz,4968181,e0b38e0df9bdc402bc475525cd7ad7fb75bad85a72d7541dc4461f04c5c49af4
data/raw/canada/montreal/2025-09-18/reviews.csv.gz,43936876,d8b330720bed0bd938a7861f67155a26aec6f2027bcae4b48cde788891879404
data/raw/canada/montreal/2025-12-22/calendar.csv.gz,8867975,c3f84f566763f19861a5654767492b3c4940656bff13859fe24e21bea674a1e8
data/raw/canada/montreal/2025-12-22/listings.csv.gz,4565198,42a3428d849e27bcc0f17c5360c01d626adbf272ccc9fcb70e968a5ae5732078
data/raw/canada/montreal/2025-12-22/reviews.csv.gz,44805036,ee7ea1ac129026975bcd9c6bac242f87d161b6f9be461f48cacb656a1be22c06
data/raw/canada/montreal/2026-03-16/calendar.csv.gz,8720348,fe422d2fcbda2679995655fd49eaf0df40e9f37d0c155c2cbd1714a006912413
data/raw/canada/montreal/2026-03-16/listings.csv.gz,5592849,5744e407568483e41e035be46f376d3549333a351cb4e8643286b1276e66fd7c
data/raw/canada/montreal/2026-03-16/reviews.csv.gz,46058801,4969a56c18bf97ed9392b176134136e3c3312baff6610c0a493880c7b496c20e
data/raw/canada/montreal/2026-06-15/calendar.csv.gz,9128925,561e6960a79d6707e9d9a379575662b18cab90cf4aa751e8589fa43f2447079f
data/raw/canada/montreal/2026-06-15/listings.csv.gz,5830183,413f42dc60a8d778093bef340f161801d4d936c392e9aff9917946fc8260ad49
data/raw/canada/montreal/2026-06-15/reviews.csv.gz,48512245,9e7ff78ac593939cf721770c37b188830346c71b51f5c882054a1a0662a8cef4
data/raw/canada/new-brunswick/2025-09-29/calendar.csv.gz,3602493,5cb8cbacca9a86793cd6a2ab48c266537065ca743ef98357feb0f4109c3665f4
data/raw/canada/new-brunswick/2025-09-29/listings.csv.gz,2246067,0e8b87e3f8798741429afa87b46423be63ff7d366781c9b7531087a390c70930
data/raw/canada/new-brunswick/2025-09-29/reviews.csv.gz,19470514,0c8e570a922b6ea1195c4ebf20bf5be41e1c7865f8fcbdb96e6955b189969a76
data/raw/canada/new-brunswick/2025-12-29/calendar.csv.gz,3212830,538b22bd95c69d2dc755854cc8b25066d0acd7e5a0ebabc652b1b3ed08c9094b
data/raw/canada/new-brunswick/2025-12-29/listings.csv.gz,1733105,c60504b6e83daaa442801f4f972350d169433bef8a854a6d3536c6427a5d0673
data/raw/canada/new-brunswick/2025-12-29/reviews.csv.gz,17953140,cbedf1e93edb38f0f2ba00aada5342397d791d5988efa16994b9072dbf309d96
data/raw/canada/new-brunswick/2026-03-30/calendar.csv.gz,3242434,263d56cc30a04de21f82f22ea54d9d0bd5f6ad8da60f198c2045a130dc28fb19
data/raw/canada/new-brunswick/2026-03-30/listings.csv.gz,2122661,ed32a0f068e27738d63ba0279898473cc071d7cdedba79339b690ae5d08968f0
data/raw/canada/new-brunswick/2026-03-30/reviews.csv.gz,17766234,ccb4ca2efd9e9c1fa1c2f58a7a937f9f99f0b785baadedb63751f8b90dae1b95
data/raw/canada/new-brunswick/2026-06-30/calendar.csv.gz,4029538,204f161d9d825daf691bcbb3c031c95f008fbfde2410a0ca51f616b3ba9ac948
data/raw/canada/new-brunswick/2026-06-30/listings.csv.gz,2688954,91b9bdf5ded68d7e8c6ac8b7794e2caf582c962e3a9fa32c6f9a529415b53880
data/raw/canada/new-brunswick/2026-06-30/reviews.csv.gz,21167411,e8efda40b80f1ed43342043e4a22fea0bc0ea2e6bce1a32c0d193a7cfd4d8844
data/raw/canada/ottawa/2025-09-22/calendar.csv.gz,2327015,522e8c8873231f6281da0ea38cd56407d2ca0f8e5a6014c2edefca14029fb67e
data/raw/canada/ottawa/2025-09-22/listings.csv.gz,1468563,625dcf2320e6686590b064928385075f1c7b86812c1cdf81b4b5cfc9ae8b8a7b
data/raw/canada/ottawa/2025-09-22/reviews.csv.gz,13292536,0c6366b0d699a21a7fb3604a1c48d39d1ee774e16e48f9ed14d4ecb20b351a53
data/raw/canada/ottawa/2025-12-25/calendar.csv.gz,2376868,a56cbb8a2c2ab5844e5d5bef99107201a5504d2b2b0e411892d36aa0158941ee
data/raw/canada/ottawa/2025-12-25/listings.csv.gz,1278798,a697c2d9525da1246025da27ef764f5dd0a7336c967f50f2f15a5a1732baae51
data/raw/canada/ottawa/2025-12-25/reviews.csv.gz,12990305,cf43e396b94d07a0e29252998d40b574b17ecc80e6bee1cc84885188a9bab103
data/raw/canada/ottawa/2026-03-27/calendar.csv.gz,836632,8155511aff59186b3806cf17240dbe60a092fba785bbd931316cf3b3561d16fc
data/raw/canada/ottawa/2026-03-27/listings.csv.gz,542885,5322739dfc78600d6dddc5e5dd0826b29da90ad8226c9eda88af0bc87d6c22e2
data/raw/canada/ottawa/2026-03-27/reviews.csv.gz,7854560,74932e973837684bd5086a96e03d428f044fb3dfe0aae2bfaa8089f9e057cacd
data/raw/canada/ottawa/2026-06-24/calendar.csv.gz,2298597,d9635b1efab8f65ca71b2cf6cfe082659ca79730809494d529162ffce95b1408
data/raw/canada/ottawa/2026-06-24/listings.csv.gz,1565946,2ebfc7649c3d4110c6b9e5b394788b0271a4f87afd49a066654847c072fd3b6d
data/raw/canada/ottawa/2026-06-24/reviews.csv.gz,13810465,319f5c4e5fa83b8a65149d8f58c3c0c7752f01e39c0e18b53cc298870dcd9ba7
data/raw/canada/quebec-city/2025-09-14/calendar.csv.gz,2099267,cd87f6212c59f4c8f4f0c28bdf01957f1da1f4beff2084143e9d6e67a3491ddb
data/raw/canada/quebec-city/2025-09-14/listings.csv.gz,1218710,485a6d24dd1ba3a4b18a4a3271efc0b05039d2414fc9f705579284371feba9a7
data/raw/canada/quebec-city/2025-09-14/reviews.csv.gz,18420641,fa6668c564518165cda60dac49b022f4711cf811192c30f0164d59488225d0d8
data/raw/canada/quebec-city/2025-12-13/calendar.csv.gz,2167757,4d56ec57091bc8e300805e8a8cc0eb93538e79c670af8b015d54286667290d99
data/raw/canada/quebec-city/2025-12-13/listings.csv.gz,1122528,10224dd9e846b945aa780731eade8ebef420bcf357fe12d09874aeccd992cc4d
data/raw/canada/quebec-city/2025-12-13/reviews.csv.gz,18540790,d9d9cdd736afac0b86ba47af09bc8b4c111ed2da84c55e4fc2ace2fd9a89318c
data/raw/canada/quebec-city/2026-03-21/calendar.csv.gz,1303886,8ab7a4759b1445a0fe08c70891cc761197abd3847494167b53fc98a92a62fc4e
data/raw/canada/quebec-city/2026-03-21/listings.csv.gz,764963,ba0c615a9d4c0ee8dbe75e4887ae7013964147032e5d3be1bd49ed15f64be26e
data/raw/canada/quebec-city/2026-03-21/reviews.csv.gz,15511335,f0a61bb52bb3304e5af2fd469a5f9416b3e9fc439fc4a2df08e79d5fe30bbf20
data/raw/canada/quebec-city/2026-06-19/calendar.csv.gz,1964759,6b5a75138b3f647f64cc5e8efa533d8af08cc0ab8cf59e4de756b6a0ed383c2e
data/raw/canada/quebec-city/2026-06-19/listings.csv.gz,1221837,30ce1af2e863be7db18b4160c23741e7d7488ee8c96589897f7a087615a75d84
data/raw/canada/quebec-city/2026-06-19/reviews.csv.gz,18278585,c3351f21ab1dab01487c302a2e4bfb1237454314eddf11c25c28d08c5ae9fd1b
data/raw/canada/toronto/2025-09-11/calendar.csv.gz,18483683,da34bd3ac1dd7439a6b6978cd8322c2add6a9f22aa5c5ec08988353cef7b6b60
data/raw/canada/toronto/2025-09-11/listings.csv.gz,11562452,5d297809d4b38e30c5fa57c46f33398750664c7a31cf43d4fd6c8d6cd53d8d1b
data/raw/canada/toronto/2025-09-11/reviews.csv.gz,67108711,7a1197c068e535080313c3c5136b591c0f0846e1c13cca4a3d803922c2488c15
data/raw/canada/toronto/2025-12-12/calendar.csv.gz,18535931,d97c03158a6879fcd33f8c7da3d95cb78f710cdb9fff39cc1094d4e38d42da9e
data/raw/canada/toronto/2025-12-12/listings.csv.gz,10665289,2f44b79fc40975c69216d01b5271e15b26c521025fe1682f08c133cc57aeb028
data/raw/canada/toronto/2025-12-12/reviews.csv.gz,69012098,23d6b2ace5402ddb9c8cb29790f76b56d2bfd440c744a4e18f4911015d51bec6
data/raw/canada/toronto/2026-03-19/calendar.csv.gz,13163014,10b229b2e694f0941a10456c5864fd2b64b59715a8e3027d200f7073dfe09303
data/raw/canada/toronto/2026-03-19/listings.csv.gz,9249242,344a596fef35bbf885c477d1b21fc34b7b90f93b446da8e935db248817a57bde
data/raw/canada/toronto/2026-03-19/reviews.csv.gz,58671477,6afe3596ba9ffdc5231c0ab6e7ed98b54cfa5d01f0809aa38fb36d5bd537cd85
data/raw/canada/toronto/2026-06-15/calendar.csv.gz,18667455,40540881fac5a096268659e8d168c79fec522f7e2ecdc5296d6d6e8bef55476d
data/raw/canada/toronto/2026-06-15/listings.csv.gz,12727004,175b9d6efa701837ef768a5f71256f845dc92c80bf67cbe071d8e3830a8fb9cc
data/raw/canada/toronto/2026-06-15/reviews.csv.gz,71623058,3f517a64be65f7d0aa3ca990c07e8d0e73719923fd73c44736299ecfdc2fdda0
data/raw/canada/vancouver/2025-09-14/calendar.csv.gz,4788942,13acb5132bb8c53f1b15ac4a2598335bf8dfe94d41c0ca59684e3c02e1e9e201
data/raw/canada/vancouver/2025-09-14/listings.csv.gz,3361493,6c030a78d43516a63129fe1a736157bc11e5d4d879222043bd827ad8e06478c7
data/raw/canada/vancouver/2025-09-14/reviews.csv.gz,33459140,56d6cf1ef78d26ed4364453e085c749efd18595fc1ca979b2df5208ad83b052c
data/raw/canada/vancouver/2025-12-14/calendar.csv.gz,5037697,a250916615ffe8b9548c17b2234a2aa75805bfe8f3238fc042baebac48a41b5f
data/raw/canada/vancouver/2025-12-14/listings.csv.gz,3054121,4a6ef7acccb74855fc45d58b194f271323bc9e8da1d7641842a121fdd5cedbe3
data/raw/canada/vancouver/2025-12-14/reviews.csv.gz,34479085,92d7624293e1962b572a425764c0df4d2272dcb3d35af7c5fd7b637f279d8c51
data/raw/canada/vancouver/2026-03-21/calendar.csv.gz,4919609,692999baa420c613d57863d3e9f43524d67fe5f1eeacd77162fd188d0733c685
data/raw/canada/vancouver/2026-03-21/listings.csv.gz,3487114,87b39e5f3af8f9fce9928772fa6f1b86641c29ddf3b5c867f7f3481f75573120
data/raw/canada/vancouver/2026-03-21/reviews.csv.gz,34492915,32b8c0e2cc1756cc73d4b4314bfa46f44944a22437db51faed1cf2dafcbb7200
data/raw/canada/vancouver/2026-06-15/calendar.csv.gz,5613956,933c3a363a4f34d209a6c65ae1014782df42f8283bccb2e7dcd1ff4c195b148b
data/raw/canada/vancouver/2026-06-15/listings.csv.gz,4042933,64a8bc1fa61a0923a36a609ef8caf8354b44c081d4758b82e1adec697c0b2143
data/raw/canada/vancouver/2026-06-15/reviews.csv.gz,36139366,406f80c03d86ea445f12697d98cd2fcf5836af0f9fd4c6cc15b6dddcad1cb6e0
data/raw/canada/victoria/2025-09-29/calendar.csv.gz,2913634,b4a65cc10d2e858b3440830c281fd70e209875c277bfc0d68ac5afecbfcf9605
data/raw/canada/victoria/2025-09-29/listings.csv.gz,2103502,56d855202b2512e57ecc2c1df5d609073c047e8218771a302491376699491d43
data/raw/canada/victoria/2025-09-29/reviews.csv.gz,27250359,246f468e04a70b00a0fa723e6e55491969188f36fa5975dc8b99772c0f811e4d
data/raw/canada/victoria/2025-12-29/calendar.csv.gz,2559769,068e9d02811b0409ea87437d1cb6f13346ffb4042e951800cc0ed4c8282becea
data/raw/canada/victoria/2025-12-29/listings.csv.gz,1533254,cbd3907d070e3338bc698008f4e641c1dc43c979c7d35738966c5b6b7a02af5a
data/raw/canada/victoria/2025-12-29/reviews.csv.gz,24233386,7c8237a41d5be587cbdded637716b9cc0f3a2e1116fa1209f042d153dd032f4f
data/raw/canada/victoria/2026-03-30/calendar.csv.gz,1766319,967c9d4d0725284441188efb2c34464c1f46784b930c5b77bd91ec610f7d0519
data/raw/canada/victoria/2026-03-30/listings.csv.gz,1289049,00d232ff87c1a7ba7dd5695906d232a58a7db87654f7cff585cb041885c8de39
data/raw/canada/victoria/2026-03-30/reviews.csv.gz,19538686,98decefe342789da34dc665e60ad12c278fbd2c0d7a0b000cdb3f6bf695c5801
data/raw/canada/victoria/2026-06-29/calendar.csv.gz,3042345,f1c02caface275fed7436006202bbf96d6d2f6a9be5aaa694ecde6c7850b423a
data/raw/canada/victoria/2026-06-29/listings.csv.gz,2271192,cbfe0e836f8f103574ddf53b2b8944fc3f492fde5b49e6fb43be57e1fbf145cd
data/raw/canada/victoria/2026-06-29/reviews.csv.gz,29708239,39406bbc003e38abae6ec6dabb0a38cf2a498ae46aa7fba53adb889a86ad7654
data/raw/canada/winnipeg/2025-09-18/calendar.csv.gz,1398296,0227f1a54a3d03ac55626d1a01337fdaf05f56544c78e062235179be06bf5510
data/raw/canada/winnipeg/2025-09-18/listings.csv.gz,870146,2eb3d458172788a77431423fc7afef5709551942be962cf9d17b19c877eb12e0
data/raw/canada/winnipeg/2025-09-18/reviews.csv.gz,7326678,c3ad2b76ab195c1cb6d39c5d521c34442db20437d4027faa576c95ecddcbc017
data/raw/canada/winnipeg/2025-12-22/calendar.csv.gz,1514234,6b986fb471b2a0327bc43412bfb90f623938374daedc655754a1359fcdf44dbf
data/raw/canada/winnipeg/2025-12-22/listings.csv.gz,791228,ba01cb2d3721411d5ebb2bf0da6b41e23e7cb87e6af969b125022f96d46a629e
data/raw/canada/winnipeg/2025-12-22/reviews.csv.gz,7863486,196c790b6ea8e89b8b3666179c27edbd68e6fed64ced6f5d04599295c4635167
data/raw/canada/winnipeg/2026-03-25/calendar.csv.gz,1094722,5275f9178dcbbd5b0e23f07f4f8b66f312d597ac8fb6484fd9f2887b989dc56a
data/raw/canada/winnipeg/2026-03-25/listings.csv.gz,690462,a28bccfefd32676de3341103ec27c2bd7d31539404cc1ffe9a374daa4d2edae0
data/raw/canada/winnipeg/2026-03-25/reviews.csv.gz,6478069,167ae97615716033e52c6c88f8f69df72ab6c2bb309eac383f5685644a15e5bd
data/raw/canada/winnipeg/2026-06-22/calendar.csv.gz,1533351,47b0a363ab6e84886ab6150a4ce74a4427d38b654aa58ace547c8e8229f9e0d3
data/raw/canada/winnipeg/2026-06-22/listings.csv.gz,1015654,ed6f2f35454169aa6c8b685f968a28830c3b246e239e413cf9ab0df854c96e70
data/raw/canada/winnipeg/2026-06-22/reviews.csv.gz,8723857,295fed276c0330437f6519f4eb2c5177f4376c655233ad881c1862b5ab02b420
data/raw/chile/santiago/2025-09-27/calendar.csv.gz,14368504,4b95e51cfea69981ac0b604601e1d41ed2a7f4fd27479c30e1d99cc27e015be1
data/raw/chile/santiago/2025-09-27/listings.csv.gz,7970821,dd80e54b3dc1ae11ff00cf07614926b29c0a30d910d0703040829fff53c8b97b
data/raw/chile/santiago/2025-09-27/reviews.csv.gz,52135708,4609de7a061d5c8bf2e98de472860dcaded3501c505d4ddcd403c4bdceec0c13
data/raw/chile/santiago/2025-12-29/calendar.csv.gz,15147065,c43dae18a32f644c9c6668f031150d439c4b001c84635553cbb84366a9380dbe
data/raw/chile/santiago/2025-12-29/listings.csv.gz,7447892,8d5376d2d7c7e2c20adfbde4d017ab964a975f4eef1ddadc6c4cfa8e88d86412
data/raw/chile/santiago/2025-12-29/reviews.csv.gz,55153466,228a7ec18279ed348dda1549881cf46858f4589b7da6d7df473a3795f5847544
data/raw/chile/santiago/2026-03-30/calendar.csv.gz,13563117,5f715044e5edd9dbdc188b8c9ad48fd8a5988cbc4362edb67b6b9e659d0be986
data/raw/chile/santiago/2026-03-30/listings.csv.gz,8733731,b76518c16e72a228a4285f8d238d5fd0aa6bc28bf854fe4c677e5d65bbd6d86f
data/raw/chile/santiago/2026-03-30/reviews.csv.gz,55476766,c8442038c0b9fc25bbcdce686579baaff81ee0fcbf6c583a940ff802c9e123b4
data/raw/chile/santiago/2026-06-29/calendar.csv.gz,15808051,76c2d0b0eac55428c2086902af4c1e7549b02758cf510bf4092acbf878ded412
data/raw/chile/santiago/2026-06-29/listings.csv.gz,10643467,04f3ab7b113c80d7c9121c22ba832a10ce523542265c34952b64c8b98e6bd5a2
data/raw/chile/santiago/2026-06-29/reviews.csv.gz,62009867,86c4fa84879453a8cb0c88e799e54ec9dd620c6a8958b31044e811cfe6ecb9ca
data/raw/china/hong-kong/2025-09-23/calendar.csv.gz,5701352,9e3373cff44b7711cd0af51f4f9b475d4e9f254d76b3f1f0ebff1666724d666b
data/raw/china/hong-kong/2025-09-23/listings.csv.gz,2631898,28275d79164a1ccfd8898ddfaaa4a30119e7c7442b1b71b07b079670c5b783b0
data/raw/china/hong-kong/2025-09-23/reviews.csv.gz,13484936,d2e3a5be3702a42a46470033eeda3b0662ec82d3d5f46aed9dd49bc28151b69f
data/raw/china/hong-kong/2025-12-27/calendar.csv.gz,5723493,16789e769de353e0caa597b3bad059a3ed899fb5064d001f0b04634dbcf61d97
data/raw/china/hong-kong/2025-12-27/listings.csv.gz,2305433,d08b661eb7dc6ff1f6e5c65bd8e1f8511cebfd2f28fdb369d62ab75845bc6a0f
data/raw/china/hong-kong/2025-12-27/reviews.csv.gz,14148890,9f72b82fc47828b3877d2ea11b76572141150d82202d43c0944dee63003bbd28
data/raw/china/hong-kong/2026-03-29/calendar.csv.gz,1811148,c3d490539e6f3e362b0528888e2b1973a66a685f656ffa32f97fe275965e8497
data/raw/china/hong-kong/2026-03-29/listings.csv.gz,930027,62dc5a8aebbd5c94bb4cd34effee466b9fa52d3cf7025e4706d54e627679de81
data/raw/china/hong-kong/2026-03-29/reviews.csv.gz,9327582,f9b43e095bbd1432cf2624eb5ca73fcfe2e4d18bcc59e0b039f8d16ec6abd48a
data/raw/china/hong-kong/2026-06-27/calendar.csv.gz,5592542,3e402f25a138b9847c0101b26d9180f79de144062fde9911e67274923492c4dc
data/raw/china/hong-kong/2026-06-27/listings.csv.gz,2971629,026d98c09fdb5e7b73b42c7413f359621b6fc87c9163a0dd8fcf8cd1dd9588e1
data/raw/china/hong-kong/2026-06-27/reviews.csv.gz,15176172,e499bd77627fb1f2b046215f0ad177849ce833827674c6c4fc58e55a2f91461a
data/raw/colombia/bogota/2026-06-21/calendar.csv.gz,16028623,bebfa9abdf49d3cfaf0f39d139855237ac4429081b3cbc8598a6008c34a4477f
data/raw/colombia/bogota/2026-06-21/listings.csv.gz,10153218,00f090f8de8ae6d945c21cd1567055aa2ef2e04b1346b7deba7faf7e874af4a7
data/raw/colombia/bogota/2026-06-21/reviews.csv.gz,46226077,9abe19ecdc881dc529b39c31c8e0b06f678c9197d94663b3531b1ef27e16ea85
data/raw/czech-republic/prague/2025-09-23/calendar.csv.gz,9522952,ff881917a74ff2fc1d45bb5d620cae970a90cd701f375f30707790245ad02807
data/raw/czech-republic/prague/2025-09-23/listings.csv.gz,5578702,63417f857c8a51a40ecb4f68302611e8ab6d76deb0103001f51c4e8081c92297
data/raw/czech-republic/prague/2025-09-23/reviews.csv.gz,101062206,76c3e571a81d6afec92a18637f6784b91e7403a828276fb08caf36329a1ff4f2
data/raw/czech-republic/prague/2025-12-27/calendar.csv.gz,10309970,d6adf926ea072a297765e7afea1574f195a294b249995c9cc8160d1ea8eac2d2
data/raw/czech-republic/prague/2025-12-27/listings.csv.gz,5057339,024ead4936cd8199a6874ce7c39158608eee79362c6364c212c27ad680e2a1bd
data/raw/czech-republic/prague/2025-12-27/reviews.csv.gz,107424861,f96087a5b25e48316341b6e7e3de238212e56bf19d9710b357f66e2a113f7c3f
data/raw/czech-republic/prague/2026-03-29/calendar.csv.gz,8168461,98c039a86ee73f073360837b35c80fa865eb93813409e4ba1b8b0516f33ed1ce
data/raw/czech-republic/prague/2026-03-29/listings.csv.gz,4105654,f3f4c4018d824c3800b4914f17b5bc4c6f700e25fd284234e5be40b439592f07
data/raw/czech-republic/prague/2026-03-29/reviews.csv.gz,99884835,d497a4c247fccbe4a99717adb7bae0837664749a17833637bc1ca5b9545101c9
data/raw/czech-republic/prague/2026-06-27/calendar.csv.gz,10341362,4fcbf34e63109b4bfda33dee718e6d4571b1f2a73d8487e0f837855becc3715b
data/raw/czech-republic/prague/2026-06-27/listings.csv.gz,6389771,af3a792f857a0e9fd86c1ef7b713951a03a2b4db826c2fb3d65f7c6c726778b5
data/raw/czech-republic/prague/2026-06-27/reviews.csv.gz,117061700,249e706b21f58312a02bde10dbc249eedf417f95d965b45edb087eed312ca2dd
data/raw/denmark/copenhagen/2025-09-29/calendar.csv.gz,19247184,453de65b5bf672af2688fbf4f37092fff6fb1ab0a6166a8446467287b7851745
data/raw/denmark/copenhagen/2025-09-29/listings.csv.gz,11242562,6d76ebbf54d45a583b205f09401de34856ff1e41087ff34d01655af8835c5bb3
data/raw/denmark/copenhagen/2025-09-29/reviews.csv.gz,58214459,f4e6d1aa5f08e3905c44d532c2af2ae77f4cddcacf8f71876ef66bfe1c8088ba
data/raw/denmark/copenhagen/2025-12-30/calendar.csv.gz,11557429,432fbb764d928cdf22868908d0be92f2065538ae5f896530dd0dcc12bcf698ad
data/raw/denmark/copenhagen/2025-12-30/listings.csv.gz,5697294,1a325b0fd41e467bfb633370d4a1d9811aafa3ceca67b3551ddd65ce21c5684c
data/raw/denmark/copenhagen/2025-12-30/reviews.csv.gz,39523023,d74bf420cb90aa36fa3fc726ca28104ec228af71183c98b3be44c8317b7649bf
data/raw/denmark/copenhagen/2026-03-30/calendar.csv.gz,9470896,33b4489aae610c26d0695ad90fae1cecde9cd6e46c8cce28462ebb465e1ab05e
data/raw/denmark/copenhagen/2026-03-30/listings.csv.gz,6077998,da47543b2cd57b62936256185660835ec50261b4b0d1cc36cfb794e81da555a0
data/raw/denmark/copenhagen/2026-03-30/reviews.csv.gz,34458991,a43a8309528f7f0c4d817db374b24ee1f0726c8b3381293c0bfbf1a4930358e2
data/raw/denmark/copenhagen/2026-06-30/calendar.csv.gz,19620185,2d368edc6f765376e89138c835f10083fd4ffff01fefb8bccf9d90124b08629d
data/raw/denmark/copenhagen/2026-06-30/listings.csv.gz,11696366,d0c81b5c30c0fa48ca2e77005d6e8418c6f491ee4af8dbac881ff7f5fd01ff71
data/raw/denmark/copenhagen/2026-06-30/reviews.csv.gz,60123009,5d4f404bc030fee5aa37bc69ae0ed248e71cdfda4a24cec466ccbe7c45cfe3ef
data/raw/france/bordeaux/2025-09-18/calendar.csv.gz,10331253,29e3d93c4d5df26cb5dfea868d5990ad680d33ffb676eff2791c06f25b34f9fc
data/raw/france/bordeaux/2025-09-18/listings.csv.gz,6100165,66b7741d14aff88700174a437dc16b6df8debac82fdbab1f3186bdab623c2ff6
data/raw/france/bordeaux/2025-09-18/reviews.csv.gz,45657490,9d325e70dfa51ec9b06e9534d996404e0d95915ee209c7d9749bf884b92c87ea
data/raw/france/bordeaux/2025-12-22/calendar.csv.gz,10775320,f22a52528c1de8ed96ed22b4e99e8d750398f79ef1b63a12a466be61d7b85f99
data/raw/france/bordeaux/2025-12-22/listings.csv.gz,5443818,d56a5d4e987c866a27dcf4a9583cd22e73b98863c5ffd91bbf393054bc5f7b65
data/raw/france/bordeaux/2025-12-22/reviews.csv.gz,47098134,0adea73f384c924c32d42fc8a9fa5b88c34f2ab0899f1d591c4d0c8c9db2bd72
data/raw/france/bordeaux/2026-03-25/calendar.csv.gz,5966674,0095b228d18975dfad68092088fc63959022a7fcacc7904577e08cc60bede8a9
data/raw/france/bordeaux/2026-03-25/listings.csv.gz,3905712,f04cd3db522a5d08ecc6cf90a175b331fb79385e104b5f79ebcbc0a0408d05f3
data/raw/france/bordeaux/2026-03-25/reviews.csv.gz,36248901,c900e0af7bd94268f8df3e5cc653403f222ab8e57c2bd29e6f23e6b3fb0f2b40
data/raw/france/bordeaux/2026-06-22/calendar.csv.gz,10402856,31e9095df237c6f7205695c5f01d74fa0ebfc510084b84e0055fd0678d3c1d21
data/raw/france/bordeaux/2026-06-22/listings.csv.gz,6552777,269df7a9cf9ab4b6add76cfad2f90f16f9f8b0d39e542633dab2cb6ed7e35f93
data/raw/france/bordeaux/2026-06-22/reviews.csv.gz,49112869,4247c8d844c819fb3bf410a778df2ddc372455b218069f7049628c6aec454e3f
data/raw/france/lyon/2025-09-18/calendar.csv.gz,8348541,aeb72e6544c559001399d7dde23bf246d0aad003828701bbab7c2f5e3b0503d1
data/raw/france/lyon/2025-09-18/listings.csv.gz,4721887,9148cf96fe0df880a165e7744e5b99a374fe2d77de46addf3c45d90e0ac8b051
data/raw/france/lyon/2025-09-18/reviews.csv.gz,41879409,e344e3fe3db04f9ee7cc8e5407b118c94fbf3895c6dcbaf6ddb6ddd86fd75b89
data/raw/france/lyon/2025-12-22/calendar.csv.gz,8732853,f366613d500dbf643b78604c4ae73f330454def814f82de0d15ba56221af7495
data/raw/france/lyon/2025-12-22/listings.csv.gz,4072027,44231ddc21e4c644adf467b6237720b4d07d9f609930d10e630f0c58996f7eda
data/raw/france/lyon/2025-12-22/reviews.csv.gz,44628715,cf36e81b16fe928e1033b521777bf92bb9de651eda5ce0edaf57bd745e9211c8
data/raw/france/lyon/2026-03-25/calendar.csv.gz,3941091,3b32beed666e2ac25a953010dbd16f31339bee75a27f4f3a1f99a3acd0c8a0ed
data/raw/france/lyon/2026-03-25/listings.csv.gz,2468561,6686d15236ea9c5bfbf28e6771c6ee783a47f8f6630c5d95dffcdf216872a624
data/raw/france/lyon/2026-03-25/reviews.csv.gz,34258145,366878ac4eeeaffd14398cb2048ff8f3414a4da09152e2b66c0eb9d0b056aae2
data/raw/france/lyon/2026-06-22/calendar.csv.gz,7971259,880da34f832fc0ed2b01ae75a81fdf127f6c29a821473051e6335a3305111004
data/raw/france/lyon/2026-06-22/listings.csv.gz,4750422,f70e6dbc415712bdfec893940479f13bbf33d296141fbb5f048a489260708165
data/raw/france/lyon/2026-06-22/reviews.csv.gz,46565309,4b1c7cb5816f1976231c2e0fe979adaafc4ea35d5f35ca916d61807d3483b6b7
data/raw/france/paris/2025-09-12/calendar.csv.gz,72087684,56d0313084f18d94f2df2b6d29d9eb972cc8c8ecbc2fb7e4272a252eced537fc
data/raw/france/paris/2025-09-12/listings.csv.gz,42604503,b98d554eb4d06bf2d598c14b74bd2d5cd92efb5e721eadd85a5640ac1a78d533
data/raw/france/paris/2025-09-12/reviews.csv.gz,296365363,44a41fee66b0e58e6ad9ada432e541632c8a34ad54396c47c10ad55871d18a70
data/raw/france/paris/2025-12-13/calendar.csv.gz,74835034,6953dde0b81ee0f1323f8984413b32a5a09680fdaa154a2b7b512d00fe905ed5
data/raw/france/paris/2025-12-13/listings.csv.gz,37726307,68dc18495ecb3418a237b01d33eb040adcff567d81615c998e005df1288de887
data/raw/france/paris/2025-12-13/reviews.csv.gz,306637457,77984840ae634ce97b9ac4ce64dc510e7c0f4d869c6ee3e7c318881c7a4aa476
data/raw/france/paris/2026-03-21/calendar.csv.gz,34768180,9d89db601569639ae4d57b11286c68b56ab56d17ca9c8429c6e1885e6d57bdf3
data/raw/france/paris/2026-03-21/listings.csv.gz,22379730,330b06ac7ee9f7d490ec31d972b349bc504470139fe4d958af4369ff72e3a9a9
data/raw/france/paris/2026-03-21/reviews.csv.gz,217252986,d11f658d7e339bc9a2f6a068ae7d050a23fca428b74ac4c377cffaac5b9ba457
data/raw/france/paris/2026-06-16/calendar.csv.gz,68830248,e2b38abad6d18b8255e654cd704b3a505664515c279b2bd33afee4d6d585d079
data/raw/france/paris/2026-06-16/listings.csv.gz,41085418,4482b7f73788a3623c3b9da34f6046a0b6b0ef5cc1be93bc9e38afe29cd75a90
data/raw/france/paris/2026-06-16/reviews.csv.gz,321538822,d3a13bdb987d418517bce90bc539e1105a016ef325c1a27ac0ccd8a26fe08868
data/raw/france/pays-basque/2025-09-21/calendar.csv.gz,9948637,39648ef000d6c6b54e669b662378cb06957fe6fc840174bbb97175f618957123
data/raw/france/pays-basque/2025-09-21/listings.csv.gz,6120206,0c42fa632bcb7c380d4037909c54a64c270baacc4ae27005c594276eff269849
data/raw/france/pays-basque/2025-09-21/reviews.csv.gz,39971985,27984e00cf78b0a50bc69a50128cbac8099f0a18e08063ed868aff6ed3144762
data/raw/france/pays-basque/2025-12-25/calendar.csv.gz,10115743,f9669abce1c2709e2a6c8edde61c28464fe14ead095964d5ae534e5eaaba7e7a
data/raw/france/pays-basque/2025-12-25/listings.csv.gz,5312511,965cd60930a6b5bcb514ac6af80d115b49851aa57d7dbb14133ccce0855db815
data/raw/france/pays-basque/2025-12-25/reviews.csv.gz,39540825,ad4685e1c33cad5eca5b35afb449c4e6e879ae5d9fdfb3826ba6cf5af393a5f6
data/raw/france/pays-basque/2026-03-26/calendar.csv.gz,10048595,37c868955292542512316e2e3d02cea4352deeb64d5f349cba9a5ba2b8cbccfe
data/raw/france/pays-basque/2026-03-26/listings.csv.gz,6436247,fe180c41d65fb09515d2a93c1bbff93c997623313be1c62989d16354a33cd583
data/raw/france/pays-basque/2026-03-26/reviews.csv.gz,39623689,a7fec57ec1e630e6eecab0b0b924475dba753b98ee099dd499dd6e2507ee0fef
data/raw/france/pays-basque/2026-06-23/calendar.csv.gz,10438151,7cd2e7d4f930254dd668904e8b9acf50353a56ef8b784204ec6b62cf3e4c7bc1
data/raw/france/pays-basque/2026-06-23/listings.csv.gz,6936072,75d0ca618d393cf01e2b0921defbce4e4aa749f7f23de708cac16b8acf1ba6c9
data/raw/france/pays-basque/2026-06-23/reviews.csv.gz,40866835,c37da3d59dbafd56a0c603cd8b557a55497ff48fd8cda3f91261d8a44baeb376
data/raw/germany/berlin/2025-09-23/calendar.csv.gz,12087243,7b81a9957b9cb0a887a16674e1c1bac54fac216993f21fadc5d100c375749dcb
data/raw/germany/berlin/2025-09-23/listings.csv.gz,7263842,b5783f9fbdc31a2b76cb19ee66921385228e4492fe681fa03957eb6925a78718
data/raw/germany/berlin/2025-09-23/reviews.csv.gz,72609019,45bb0421bae7894630e54d59dbc5ca41acab5dcb836cc34f94d9e8fe89bc50f3
data/raw/germany/berlin/2025-12-27/calendar.csv.gz,12712815,ac51addd64e32b8e1e3b66fb61be886b4a6c593fe1788cb7b334185e1d8ebfe1
data/raw/germany/berlin/2025-12-27/listings.csv.gz,6355820,20634c530b7619db28e11b82bb6f205e2a7077ec73e9f052927ad6f4815c6b8f
data/raw/germany/berlin/2025-12-27/reviews.csv.gz,75925655,4fecd58e05df5a37c84f9b751ee5b413375dd4158cbd7ba6c3458cd8bab3b103
data/raw/germany/berlin/2026-03-28/calendar.csv.gz,5219575,77c8f4a55b3aa81f63d60c3e55c7a4ce0eb11bcd332e00f168032acefd33a684
data/raw/germany/berlin/2026-03-28/listings.csv.gz,2864735,8b851fc9243b46f8becaaca197036ddf6aa150d4c078fb432dd9107bcd08a489
data/raw/germany/berlin/2026-03-28/reviews.csv.gz,58558145,7dbd071fa4cebb2f40acfdd784254e1c7fffa8391b3141a71453168f25dd119d
data/raw/germany/berlin/2026-06-26/calendar.csv.gz,10900461,78870c9ff0f98990a90936bc1355b0211abd1affd5e62f8eac2c6bd2d5a312d3
data/raw/germany/berlin/2026-06-26/listings.csv.gz,6779056,2952261ea249a5d5754981a5808c05a96c5ee5a1646390433766606647d7d198
data/raw/germany/berlin/2026-06-26/reviews.csv.gz,77774267,69438ba737d0d04f91b2215e2f2945f53355c218efedb96908c00e30af123fd3
data/raw/germany/munich/2025-09-27/calendar.csv.gz,7021203,5a689e51d0f99325646caa8e3941771ecaa218fa0e7345a8928eba684b32e8a1
data/raw/germany/munich/2025-09-27/listings.csv.gz,3724744,1db51ebee946cb02118e94039cf204898126a56c050dab6bbd3309e24bb24460
data/raw/germany/munich/2025-09-27/reviews.csv.gz,25433391,5f135cbe2883210d091b7a42fec22e1ce53c1ce54b0f1ed294329a0568bc4c60
data/raw/germany/munich/2025-12-29/calendar.csv.gz,4235578,86b5fb75fe44634aac3197e3436f2160fc0b4d870e60c06ebbb1cfc1c5f8541f
data/raw/germany/munich/2025-12-29/listings.csv.gz,2005992,af20e7505288516e3fc2aa70e722c2e28803ffdc76ccd1c792c58e99aa4480e1
data/raw/germany/munich/2025-12-29/reviews.csv.gz,20981533,f3ec8381d6beace16cff2742c65afdd367ca3623f6c1d4c7ea6ac022f667d966
data/raw/germany/munich/2026-03-30/calendar.csv.gz,3121620,cae222e09791c0b5d9c415524fd1038d4365e7aba3603ed1e2f5860ac316686f
data/raw/germany/munich/2026-03-30/listings.csv.gz,1877241,6d376170bb1e02f149a05c2c6c1dba9f417016f24ca076a2b5c4faa083024872
data/raw/germany/munich/2026-03-30/reviews.csv.gz,19192702,09a3ad94c8f4cfd6ec205dc60ec5d959a70de84846b0a54596ff419bd7b438cc
data/raw/germany/munich/2026-06-29/calendar.csv.gz,5914243,9524c7af466255d7cffb0be6981ee681624c8a7bea1f17bf5ee37715f483884b
data/raw/germany/munich/2026-06-29/listings.csv.gz,3408178,d93f1a896ab285d1b4534329e49084f5bb62d22b02aa9a4df9ef4b583d942488
data/raw/germany/munich/2026-06-29/reviews.csv.gz,26558675,ca1e3748e469436cb78cb9811becc75aa27c744f91db2fef22a04d2221abbc0e
data/raw/greece/athens/2025-09-26/calendar.csv.gz,13269780,16f48f37bbf6f289375be599a79ff9bfca3ed1e39f43da23bb70f1231bba08ef
data/raw/greece/athens/2025-09-26/listings.csv.gz,8482572,7f54ea5165442073c6d2639aa64536435e0aace6533215e8305d7c90aadf2352
data/raw/greece/athens/2025-09-26/reviews.csv.gz,111306864,af693d1b55559ec4b04400be09882fd17f18dd78db6332b66b69bc455c04c707
data/raw/greece/athens/2025-12-28/calendar.csv.gz,13165169,6a1df6a83f88b485b448c600a6067eb6f02e9340de2ee0e5538df620028b6e55
data/raw/greece/athens/2025-12-28/listings.csv.gz,6831717,a3059ad8eb3cd9747c80d2bd7b3509830ec69544b06e57d4d77d8150ae78130d
data/raw/greece/athens/2025-12-28/reviews.csv.gz,112099858,074792042846227af667c0f6bbc51db8f62cf33c167e8c9060857414dd949292
data/raw/greece/athens/2026-03-30/calendar.csv.gz,11511088,7e84c4860fca97dc28d8181e305011bbcfebf72a5fa1c08609d72c3740cb6156
data/raw/greece/athens/2026-03-30/listings.csv.gz,7384904,0f9111ee2f05f67d9ac94dae142d714dc4eb18e9254d08c4950208f9e94d8ead
data/raw/greece/athens/2026-03-30/reviews.csv.gz,105428673,b31dea6faaefb6eee98670fe18739108f3ccaa64dcbc702d70e99f986fcb4f18
data/raw/greece/athens/2026-06-28/calendar.csv.gz,12403984,b432f5b2784a810610cd9d18c5b585159c1a82ddd012574d1e2c8b71538c67ca
data/raw/greece/athens/2026-06-28/listings.csv.gz,8966693,86430d93072767f0496de370854afd987b1f8fec02c86788a06de6c01802cc92
data/raw/greece/athens/2026-06-28/reviews.csv.gz,117439138,f6d95342bfc4fbe17ca6ae7191cfbb4ef4a160c57f57e724a9193bf68814d917
data/raw/greece/crete/2025-09-28/calendar.csv.gz,23826495,d952e9ed80cd1d9a93c9817e16d190f09de18e369c674f447fb83632b6b3fe7d
data/raw/greece/crete/2025-09-28/listings.csv.gz,16692608,ee92b2ba5200556eddf1bef4e4766a46e9fd50fbcdc50f096d98d46ec68b7b5a
data/raw/greece/crete/2025-09-28/reviews.csv.gz,96619087,fd84f0c5282358cebe38039837b155681c12e6a8f0644297b14de3fa89718009
data/raw/greece/crete/2025-12-29/calendar.csv.gz,23693513,b8dc1514d37282bc4207bbd1979b9850bea1b401d669c959041b1ff421983ff6
data/raw/greece/crete/2025-12-29/listings.csv.gz,13292468,d4e5b3bb91abf18679f8c632f4d2e08c6f1c5a0320c57ff10bd86f801239209c
data/raw/greece/crete/2025-12-29/reviews.csv.gz,95481164,db8a2513969c4c5d5d147bf91139bfd734f98245f3ac27fffdac00dbf3c34a4e
data/raw/greece/crete/2026-03-30/calendar.csv.gz,20048442,3718c18029a61706c1989054e44e37be4efb646b7e4af17c63c2c5c53c95f321
data/raw/greece/crete/2026-03-30/listings.csv.gz,14382789,e8b7066cd204b3b3f171967fd9aa2ff032e44d67e7228e28c6321b7dbbdfddeb
data/raw/greece/crete/2026-03-30/reviews.csv.gz,86750206,c25a782be2cb49960f00e478cf3d3f7f6a322cc45078f7cebb500da119dd07ef
data/raw/greece/crete/2026-06-29/calendar.csv.gz,23349727,108d88f666fabb3e95123afa61a479000547b24512878164824cd9d3570bfa36
data/raw/greece/crete/2026-06-29/listings.csv.gz,18519654,9db4271217f8fb929516a1a5d06c07d71f2710b9be877d55454da6025497cb2b
data/raw/greece/crete/2026-06-29/reviews.csv.gz,100785503,26c5ae8876cb180012d94624ac780380b9904e5237b0cf2b9718ff13478e19ae
data/raw/greece/south-aegean/2025-09-23/calendar.csv.gz,30841968,59d5da762b0ef6be54fca867e1f23796d4eddaee4bb0a988181441dcf87d1397
data/raw/greece/south-aegean/2025-09-23/listings.csv.gz,18516274,ce5a78b8496ebf443b265a96cc39a2462cf96f212adc288404d9757ef4f208f7
data/raw/greece/south-aegean/2025-09-23/reviews.csv.gz,133531241,2fee4454988e47a0ea43f1e5b1f7b9754138c4fb208b6f69af3da6219afd2f3c
data/raw/greece/south-aegean/2025-12-27/calendar.csv.gz,31443494,ad4f671e6879d10c2d94b9f7bf456098b45f4b48e2dc683de2140cec68f743ed
data/raw/greece/south-aegean/2025-12-27/listings.csv.gz,15342599,4de379c7c534b7251cad03c21e571f09a70a5edb435ab107b62faaa3513441da
data/raw/greece/south-aegean/2025-12-27/reviews.csv.gz,131324852,a421ca0acf412d20523ade278868e177e65cf8f7cf2f305669208f870d8ac639
data/raw/greece/south-aegean/2026-03-29/calendar.csv.gz,26286094,854cc6a4bcc618c1b4df0318c2b34f59dc42a2c78b2a8e2fa61de27ac3aece66
data/raw/greece/south-aegean/2026-03-29/listings.csv.gz,13587242,8d67cdc7e3ad408c34389eca09f105c535bea4dd5e4b1a6fb36facb1c2a6811e
data/raw/greece/south-aegean/2026-03-29/reviews.csv.gz,119698688,7c2ba77dbe612fc88e3d30d7aa7243482c43ab7c3a531748621ef07a3b1d644f
data/raw/greece/south-aegean/2026-06-28/calendar.csv.gz,32400671,f7c2879e5dfb52655d30cb9f154da1b2804860d5db8afbdc06f02c1dc729c67c
data/raw/greece/south-aegean/2026-06-28/listings.csv.gz,20371873,109014e7474625360b28b64b05b4e0a27c84510d6f956e24fcd512f56da774b9
data/raw/greece/south-aegean/2026-06-28/reviews.csv.gz,138491986,12f4e9e9fcc76cba64b4fa39755f8d4654550be031819c32e1fa2355ffc16106
data/raw/greece/thessaloniki/2025-09-26/calendar.csv.gz,4090510,9eacee0575daf68136d04b549c539e606ae5ad7dedb2b344901d94c46cc129b4
data/raw/greece/thessaloniki/2025-09-26/listings.csv.gz,2223186,dec154dddb4ddd738550a6bb45d0208e960f3b5653af5c4125baa0f5f1022088
data/raw/greece/thessaloniki/2025-09-26/reviews.csv.gz,24512655,89dee49999eb74988cc09772030f5d745943df3e14571006067878898cc50037
data/raw/greece/thessaloniki/2025-12-28/calendar.csv.gz,4185745,f45ddf6faea231a030b49802f735b10deb9df23617ca5d1325662ff989dab9be
data/raw/greece/thessaloniki/2025-12-28/listings.csv.gz,1926655,581440efbe87f47a7e8eaa1cdad2a219328e593cd0bc6c5aa0930ae2190a0ec6
data/raw/greece/thessaloniki/2025-12-28/reviews.csv.gz,24270364,edcc077115aaad9df97c1079855e083cd3a18e2e5f0259080aaf736374a0fdce
data/raw/greece/thessaloniki/2026-03-30/calendar.csv.gz,3806634,8d0f1620a83373045ce0ba4906d6b0eda14681bb79bf701e5fb2c6375aadeeb6
data/raw/greece/thessaloniki/2026-03-30/listings.csv.gz,2171902,b8562e94731f52133f53e6d6c09a1e49c5d0e73bb3058dc818b5ddcc4a238189
data/raw/greece/thessaloniki/2026-03-30/reviews.csv.gz,23104398,d03c0c5e0edb5deaa56de2149d2aed375798f838e84a49e1cb4c01d1ef143a14
data/raw/greece/thessaloniki/2026-06-29/calendar.csv.gz,4317776,9d4b49dcf902f6fe083db049462a3d62a24d9f9d80f407a326443408db72668a
data/raw/greece/thessaloniki/2026-06-29/listings.csv.gz,2749319,34d3a53a6f82352e4fa18b8d54a2c1023db6da51f00cb1735d48e8b4c5b8791c
data/raw/greece/thessaloniki/2026-06-29/reviews.csv.gz,26585983,159d2b562c01d70f1bbe8dba05a674913146f04095d271960446d472d1d67dcf
data/raw/hungary/budapest/2025-09-25/calendar.csv.gz,10902389,816bd20809402eac521106d4905e775df95c4640868fc5149dcdf42385eac9c8
data/raw/hungary/budapest/2025-09-25/listings.csv.gz,6890278,c96d81041ef6dba03d12f2050e7faf82ed36fdf6f5c10bac2209931479323b84
data/raw/hungary/budapest/2025-09-25/reviews.csv.gz,130644591,63da08fddd9c1d5c7b2ac113f60aa1de04853f409a9d21c83ad595a7a7d6946e
data/raw/hungary/budapest/2025-12-28/calendar.csv.gz,9889428,634d7aec7bf19c05cd0c3a0fac4c77284e1fd7759655a224bf692260a3b60dc7
data/raw/hungary/budapest/2025-12-28/listings.csv.gz,4959752,d7afd5c0b0fd9a008b93b7e443760880eaa399a5d172e5a90a06e7052054bc58
data/raw/hungary/budapest/2025-12-28/reviews.csv.gz,120495903,7700bf7463e200dbf2aaaac47ad05dbd72efd7668e1edc2feb8b00def9669c4e
data/raw/hungary/budapest/2026-03-29/calendar.csv.gz,8524323,e3c36fdfd587877ddb1558f1b9812bf7955a68383c4b132c5e66b08b2be51526
data/raw/hungary/budapest/2026-03-29/listings.csv.gz,4377216,e03fa6521263d3f9fa56d3fb930892506e97a20cb1c5aec239aa1105c6c11800
data/raw/hungary/budapest/2026-03-29/reviews.csv.gz,110290072,9a644d517e3ff569d951efe83af24b11a7ec5143408e6a9e5125b6ff22a5081a
data/raw/hungary/budapest/2026-06-28/calendar.csv.gz,10106893,0abc47a27ebdff63d0eb93ab71d768f8a469181e671a9c7197d0679e37e4cc63
data/raw/hungary/budapest/2026-06-28/listings.csv.gz,6471377,14a28b78cef2eed3154fa69fab8c8c8ef93a7d6e66c2ad2e57f3d0040a7368da
data/raw/hungary/budapest/2026-06-28/reviews.csv.gz,136081542,254cf60862c40921cc50ecabb233b6b58d0cf401df1ac35da2ead5d9bc59742e
data/raw/ireland/dublin/2025-09-16/calendar.csv.gz,5998792,0d718d47f24a729005833d70a8c9dcb001da260c530cbaf44dec95e6d788fd3f
data/raw/ireland/dublin/2025-09-16/listings.csv.gz,3329429,588afdb80c9a7291df7c50955355dfc901d3637414b994cefb8660e607b2b820
data/raw/ireland/dublin/2025-09-16/reviews.csv.gz,38630242,e5cb9ec7391c50ec82e59e42fab721157ce4f3722505d363d263873546a1abdb
data/raw/ireland/dublin/2025-12-16/calendar.csv.gz,6141210,9310758329402ecb0632ba892b82a446f62e7baa958442cbc8a29c40cb54d327
data/raw/ireland/dublin/2025-12-16/listings.csv.gz,3038676,e546f5f72119b96fb81950b546784d206143371b8d4a2ce20dbb9efdcb2ed7cc
data/raw/ireland/dublin/2025-12-16/reviews.csv.gz,39965514,fb7003a75a25cea37ea92c8e376f4e3509553b35c07dbaecb737e6f4076c1645
data/raw/ireland/dublin/2026-03-25/calendar.csv.gz,3638889,c425f670005cac649535c5b8aba737ec76c9dacc70b3661f448661a59656f988
data/raw/ireland/dublin/2026-03-25/listings.csv.gz,2121342,57ad5b9feac60bd5d86108a2616586a573579ca10f0930e67f7436c61da75739
data/raw/ireland/dublin/2026-03-25/reviews.csv.gz,28874708,6835e13df10556f567601a419324ad00051cb3aba6abbf85567213aeee9bc14a
data/raw/ireland/dublin/2026-06-21/calendar.csv.gz,6072522,08e1ea280712b7d629330b6d0fc2dfc8b308cc84e42447ed9cf58185820e79b1
data/raw/ireland/dublin/2026-06-21/listings.csv.gz,3551567,2b20c4219fce54f5385338c8a2143611bfeccce748bf74180f294399b6b1f5c2
data/raw/ireland/dublin/2026-06-21/reviews.csv.gz,43025920,d8a152842e49dc5c3575d5f392dd7095da644c3f65f67614fb389283b346a1ac
data/raw/italy/bergamo/2025-09-29/calendar.csv.gz,3296385,f05960e3ea183a8662a8e630218a9d1ccacb422bb812c28b34cffb114778552f
data/raw/italy/bergamo/2025-09-29/listings.csv.gz,1992220,25102d14f505571cf798c3a4138812068d5efdc0c19396fcc9719191c1a895c2
data/raw/italy/bergamo/2025-09-29/reviews.csv.gz,17764222,7ac52755c0b9cfd2a1b577dace664ce034f59197dd42cdfbe9bc3c7fe2dfd8cf
data/raw/italy/bergamo/2025-12-31/calendar.csv.gz,3165279,8cd230ad688f09d0663050d3d04dc339a31ab5d0a1c5e435b5adb53bb475d0f2
data/raw/italy/bergamo/2025-12-31/listings.csv.gz,1611449,77358e794ba16d5836ffb71bdc4d28c35bb2bcfd87f90affa0376cf8fa913857
data/raw/italy/bergamo/2025-12-31/reviews.csv.gz,16999158,7d8d0ee12f98bf5d74e96d0e6232e6c812257768e8e318d1d148c2ad13c2dca2
data/raw/italy/bergamo/2026-03-31/calendar.csv.gz,2969438,26a6f0eca50c9f13e8bfe57793dabab5417f3827a3acd1e7a36c0cd97607ec90
data/raw/italy/bergamo/2026-03-31/listings.csv.gz,1879304,43cd75d3cc46936a27f442565c6bca2177d81ecd729b35e0dc22e9911111c220
data/raw/italy/bergamo/2026-03-31/reviews.csv.gz,16663961,530f285548a76164e3293c29c7fe7fe4add84820b3591d7265de69225e5a90f9
data/raw/italy/bergamo/2026-06-30/calendar.csv.gz,3691545,4dae151ef0c39a35cb214c93afbeb7c3e2eded3df2088ba64edae36982c29d87
data/raw/italy/bergamo/2026-06-30/listings.csv.gz,2471386,41b1e20333ee80f6718c7b264606a3cfad877362eca9895e4d8040b5a56e6512
data/raw/italy/bergamo/2026-06-30/reviews.csv.gz,19865863,12aead562fa388a154cc8f33bac8987f54dce732f3b99d0044f2d5e33fd1a684
data/raw/italy/bologna/2025-09-22/calendar.csv.gz,4058305,f7ad72f899c5dd01d13dd9341522e3113d3ac7c7997df7f9dd173114a7deb022
data/raw/italy/bologna/2025-09-22/listings.csv.gz,2409952,20c05801cbbc0d8fd3acdc4391248eb9ae0092afb7a3d0e6f2cd68488d5acb80
data/raw/italy/bologna/2025-09-22/reviews.csv.gz,33094955,74587804296ee149b61a13930a31eb3f89f1843115209e406f93a4acd016539b
data/raw/italy/bologna/2026-03-27/calendar.csv.gz,3357930,110e5f2fde79c266c10c118244c14853d6ef9487832e9fe7867ba82cc8428d91
data/raw/italy/bologna/2026-03-27/listings.csv.gz,1686447,3dfa82347d99f009cc7f4820668f7271d7f058ea62f23b38cf62601d3867df8f
data/raw/italy/bologna/2026-03-27/reviews.csv.gz,29761337,8e6cef5427f129852c96af3ec5065ba919f62fdc7e2096f0b2795f006bcd9730
data/raw/italy/bologna/2026-06-26/calendar.csv.gz,4389918,bf9d1c61a15b94a740a235ddde46c3ea4295fcd5da811a4d31d625fd978c5862
data/raw/italy/bologna/2026-06-26/listings.csv.gz,2689759,0917fd5d509be3613d82297e53df4f90e33de713477c9a693fcd073408200aa1
data/raw/italy/bologna/2026-06-26/reviews.csv.gz,37934903,41cacaf9aab804fc36f56f24f65f37884f14cf79131e65abd9e961e0e516a507
data/raw/italy/florence/2025-09-22/calendar.csv.gz,11455267,92ca8e6386e04ebbadd30ca2febc6364d0439439ccf5fbaa088e2d819b998598
data/raw/italy/florence/2025-09-22/listings.csv.gz,7713763,2755b7276ce0e11f43177884e86adbbf89b539a6f0a124f3e3ad2cb8c13c9ec8
data/raw/italy/florence/2025-09-22/reviews.csv.gz,136426340,451e2a388ec22b9e3ec72a3c1194a2d73aececf80affd7127b8cd6898fbad328
data/raw/italy/florence/2025-12-26/calendar.csv.gz,12003617,b367b9771f6230a7b7d6f7d3b86c67a01e9dfac2230e95875de598b5fc4908b2
data/raw/italy/florence/2025-12-26/listings.csv.gz,6477619,d0ddbf352207c46c8e16da82a0dcc5408562b3fe85f105dea57992be13cd4164
data/raw/italy/florence/2025-12-26/reviews.csv.gz,141253373,e28a8f88b7a2f1211e348630aacd66435842c0bcf5981c8f84ebcd887153d395
data/raw/italy/florence/2026-03-27/calendar.csv.gz,9546282,48434d3e6afd0dfbbb1f82e0e8131753001707ed8a302c39ed49296bb226c5eb
data/raw/italy/florence/2026-03-27/listings.csv.gz,5311687,b4e08b0dc225103efddda35e7fad48dfbe9bdd84fe872e6b6809dda7b1dd4266
data/raw/italy/florence/2026-03-27/reviews.csv.gz,126797626,50c3eb8fc3cfb1e292095c6efa95eb3182cc2bd355e05bbe6b4c13947740f048
data/raw/italy/florence/2026-06-26/calendar.csv.gz,11861730,02b75568fdf179f7773ddbcd8c386450333abb35fe6e1a8b0c7efff4bc4f303e
data/raw/italy/florence/2026-06-26/listings.csv.gz,7868715,ea0b24aaaedeaf33b2b021e65323e3484508e39e89c65b49ab544ff8e68af63a
data/raw/italy/florence/2026-06-26/reviews.csv.gz,150094570,21511ae4ae4ab9685d40249ac551f2a761cb44b373eec0fbf4192c60afd04d8b
data/raw/italy/milan/2025-09-22/calendar.csv.gz,20151665,3ed21ec74763a725bd15526eb8459808f198344d23cf4653965c107469fb7e84
data/raw/italy/milan/2025-09-22/listings.csv.gz,13337304,f21bbddc473946b759d8ae5db2bb3c795bd722272cc7f85932f4e3787c047af5
data/raw/italy/milan/2025-09-22/reviews.csv.gz,118237819,79e1bf2abc21f8bfffb2ca56f48c0ab431d201c0e71b3f038f2dfb8790acb422
data/raw/italy/milan/2025-12-26/calendar.csv.gz,21868073,7ea34d2c342855926eb9a241fab30da7d516fc8b23460742e8959e441613a125
data/raw/italy/milan/2025-12-26/listings.csv.gz,12360901,be487bd4c5b3d9d5f232a19b3e1f11e102dd1f819f3294371f2d7b915cb13cef
data/raw/italy/milan/2025-12-26/reviews.csv.gz,125988337,7d294695ae240e58ecc39aa169354007554fdd67fe397e8a40f347f31cb0fd16
data/raw/italy/milan/2026-03-27/calendar.csv.gz,16868159,110691702e6a916b82aea534ac70a92b1a6c7a729b5aa9ab3e0b17bfaf6742bd
data/raw/italy/milan/2026-03-27/listings.csv.gz,9442058,44ee4fc06ac46bdcbf147a6fbfa3619354d0d4aa70b5301e5815fa9fe5fa338a
data/raw/italy/milan/2026-03-27/reviews.csv.gz,112380269,acc117f8e1a0d55c7a98681af18cef271ec23e5e64df2eeaea1e5f16e7dd7b11
data/raw/italy/milan/2026-06-25/calendar.csv.gz,22651878,10fc3b55ebaba0f1ae3f3e1dfcad0b7b1d10d0e52fa69911b56110fe999aea47
data/raw/italy/milan/2026-06-25/listings.csv.gz,15393988,85eedfb44856307715435dde86cb1f926685f1fb8f981db077e04b32e0448376
data/raw/italy/milan/2026-06-25/reviews.csv.gz,138838658,21fc48ace1435910fc727056e0c6bfbcffdfcc7f3c7b3c8abefb8ba7c4182bc1
data/raw/italy/naples/2025-09-22/calendar.csv.gz,9485149,6c2de64d6c4b1ecc563e35d25dc5572429a89f66d7561c5d84fde165692ae622
data/raw/italy/naples/2025-09-22/listings.csv.gz,5363192,a05f961832e1188a6ab5d807a0ad89f60cde4ede171b68dfa21b226acafa1114
data/raw/italy/naples/2025-09-22/reviews.csv.gz,59970198,9820dca7c23920409797c1572e78835a0de25b2a1f3e306c08150ab0d17180bb
data/raw/italy/naples/2025-12-26/calendar.csv.gz,10089654,2a6fbb0d7b83df08d25c612759a524cb91d5ab4d95f9afd3b84aee27b61d0e4c
data/raw/italy/naples/2025-12-26/listings.csv.gz,4650013,66be8918509ce17ba0c9a685f0d2b677f9bf39c77a8ca43206e774d2e480c9c7
data/raw/italy/naples/2025-12-26/reviews.csv.gz,63933045,ad8e7bc335fcb01aa9138b5f56c3f6cb4b84f984538e9268dbd42a131271e064
data/raw/italy/naples/2026-03-27/calendar.csv.gz,7643490,65ee0143fd67208bff417904c1867fb8c4164b907a948aefe2b4203ad56afce5
data/raw/italy/naples/2026-03-27/listings.csv.gz,3672038,5972749b79335864aa25bee493b673418cc3ce52810f5f5249b351458bcb8276
data/raw/italy/naples/2026-03-27/reviews.csv.gz,56423995,0af174227cab7081bf70ab04af60491fb24ebd6f0ef92f59ff86ee7bb0297049
data/raw/italy/naples/2026-06-25/calendar.csv.gz,10123211,50f91b556a02348d63e73a9d1ee1af8eefb0b515d18aa97115e99cf7e686e55e
data/raw/italy/naples/2026-06-25/listings.csv.gz,5920582,24d16a5bbae6fd92d3a22f0a844092b0f9a0bdea9586ca6913c6b293347b32da
data/raw/italy/naples/2026-06-25/reviews.csv.gz,67738787,9482600b86f7d91b13ad906adde7499f53603aaaa3947a66562cd3a2b4f67255
data/raw/italy/puglia/2025-09-29/calendar.csv.gz,42712017,73f00ff6d126b92bb759cf039ec2347fc4e67976ab41adcd1ed42558fb8fb48b
data/raw/italy/puglia/2025-09-29/listings.csv.gz,24201146,3474c01c5cf929a594a13a409e522ac02d8849ea6d9b596cf8a8b52326ddf552
data/raw/italy/puglia/2025-09-29/reviews.csv.gz,92356114,c76c0553a85bb0a6ca052c9b4e6677834d0616b6d47934b4ff89a52f7ae24600
data/raw/italy/puglia/2025-12-31/calendar.csv.gz,37296874,74fd7e8c07e5912a4348b3788d29f786e9d7638da79721eea0f8d473651ccc4e
data/raw/italy/puglia/2025-12-31/listings.csv.gz,18087389,06f60f18a0f527135cf056bc6a61dbc7ad06289dd000e19bc82030313e7888e6
data/raw/italy/puglia/2025-12-31/reviews.csv.gz,84961557,56b20623631afffcf38882b59d8c8f992887e8f647edb22d4744f0f8c14bfa20
data/raw/italy/puglia/2026-03-31/calendar.csv.gz,33795762,58ba1e4e19b4e4b86a81a7c102629a9c5c995b62d1ac9d500472d5fe2af6e855
data/raw/italy/puglia/2026-03-31/listings.csv.gz,20565421,454a76c765ff2c1b8f125b7ddfd0313259942cec4db43328d63c1c63c4978845
data/raw/italy/puglia/2026-03-31/reviews.csv.gz,81816812,203df577ba54b3f566c6602d44420d61ff18f54286ce157cb2038e51fef9b2dd
data/raw/italy/puglia/2026-06-30/calendar.csv.gz,42154236,9fe660861600941bd3e733ccbcdecced4307c28b1ca0d481545ec548ec4e80ae
data/raw/italy/puglia/2026-06-30/listings.csv.gz,23016775,0010f21af65388054d77a168d815e5d0601dcedaa460440ef6730de53f944668
data/raw/italy/puglia/2026-06-30/reviews.csv.gz,98083322,1e659d8ed3ddfb52a820d25fe889bb77845e0847796ca17a6946481272e9cb69
data/raw/italy/rome/2025-09-14/calendar.csv.gz,33602013,29fe5057357a9ae408f569cf08530818c709c8c27d144f3ee99889b1d16210a3
data/raw/italy/rome/2025-09-14/listings.csv.gz,21497755,9757b333ba13f7185a386dc02ec72c492437129561f40c53880f0cda0298f8ea
data/raw/italy/rome/2025-09-14/reviews.csv.gz,304964459,280e06efdb4c7870fc8d74bde6355f381809cf6f01c4d76d6d3adf101ef242b9
data/raw/italy/rome/2025-12-16/calendar.csv.gz,34220835,9a10bcdb0b4190679b40f696cd7eacdc192c0630ae47d9f5b510db71e0bbda07
data/raw/italy/rome/2025-12-16/listings.csv.gz,18581533,a2f4323e70fe02f0c21e80da6c99a567b0ba4fe892277bc0b20a8d06c02a658e
data/raw/italy/rome/2025-12-16/reviews.csv.gz,323218334,de1007c4da69f595fa482f5e860330d3147052870fb62b770b87c7634da39eb7
data/raw/italy/rome/2026-03-24/calendar.csv.gz,27529305,408927604ed6b2db10d8bc3827beb10515700d5745d55f86be5f6f3374a4011a
data/raw/italy/rome/2026-03-24/listings.csv.gz,17858969,41543bd1e904b8bb1aa4fa4b0c3f81d999cac3b46391ac55fbadc7006866a1d6
data/raw/italy/rome/2026-03-24/reviews.csv.gz,290194278,c162dc3675b16898469ebbe2472327ed9d784e51a9867fd55e35f8131458236c
data/raw/italy/rome/2026-06-20/calendar.csv.gz,32626652,e60273f0f59dc373085d4ec1732a44ec3aa5ff173a0352f918add6e82020e9b2
data/raw/italy/rome/2026-06-20/listings.csv.gz,21816003,f44dafb940763f53e8ce47072e963f1b28e3f9b69f4cea14f3077a6c9d84b63e
data/raw/italy/rome/2026-06-20/reviews.csv.gz,342660347,d4fadca232641305cbbc2cadb5b554408ff6c883bfa951848efebe2f67f45c50
data/raw/italy/sicily/2025-09-29/calendar.csv.gz,50538886,b8fbec75f8e0d6278c30b7ffa7dc74e1381455944b7a63f2570a6d202d79dbf9
data/raw/italy/sicily/2025-09-29/listings.csv.gz,29546363,d74ba5389c8a8e8b1a52066a961c8a769c8df25e38c59552bfe69c6dfc0b3e26
data/raw/italy/sicily/2025-09-29/reviews.csv.gz,183207986,d44860b569a706a1bcc463621401d4620f23d734327b3375534d7482f8911199
data/raw/italy/sicily/2025-12-30/calendar.csv.gz,45431098,dee643db539986f6e8e64b57692d283242a1c9bd8f425c4dd835e4845e324098
data/raw/italy/sicily/2025-12-30/listings.csv.gz,22709363,d2fc68495d52f6bc54fb12da487794ac4c89043643d3eae7391f3ace4d05b092
data/raw/italy/sicily/2025-12-30/reviews.csv.gz,172738512,a3b2416715141f1d47c4cca30a4c0c6b473e05c9805ec2fed3989686927f84cc
data/raw/italy/sicily/2026-03-31/calendar.csv.gz,38551608,10a31e85ae1c1cbe5e7c4af02039fe04ea0956b59ca6c0dd0d7b85098a6ad436
data/raw/italy/sicily/2026-03-31/listings.csv.gz,24312550,a422c7a373796b661fde72d1d65e3db76fe216a0fad3c522560b3948ca1c201f
data/raw/italy/sicily/2026-03-31/reviews.csv.gz,162273942,5a43b375517ac548394a3ab1a73626f345138325b934175b5069e1c666b5ce77
data/raw/italy/sicily/2026-06-30/calendar.csv.gz,48939954,67f1bbf85d0b1072f27658fb8854732cfe93915726132fae5fdcdf0337013ac1
data/raw/italy/sicily/2026-06-30/listings.csv.gz,31753818,9e0e1d94cb0f4d26d350cbcd65a397abca6d1c5e4a2b091771feb01070f86c84
data/raw/italy/sicily/2026-06-30/reviews.csv.gz,194690465,44c45bc297c0cd34b2fc98eb6262b459b58d993f4b98849aee244332bff05aa9
data/raw/italy/trentino/2025-09-30/calendar.csv.gz,8136732,4a6e98a91b4976211af426d161d026708fa3668944dbb1de4fdd618e41c37979
data/raw/italy/trentino/2025-09-30/listings.csv.gz,4435563,499874149cdc28184778f72d01a4bd71675d662b35e5ec4c3c98980f520d089c
data/raw/italy/trentino/2025-09-30/reviews.csv.gz,24141776,37a642fec2f00a03a69cb810fea77cb52ef76febbdb3190b6814d438326e3fa3
data/raw/italy/trentino/2025-12-31/calendar.csv.gz,7575556,43089755e229e11f55f24321b1c5c9bc790fdcd363561b10fd1079010cfc47c7
data/raw/italy/trentino/2025-12-31/listings.csv.gz,3578735,72aaf8fa9aa92ea7c3144cd6cceb70bce2fa52d251fcbcc5b0b2e62467209618
data/raw/italy/trentino/2025-12-31/reviews.csv.gz,22652438,20dca0e17dacc27af5887b40e9292c9c1a99c1cca57fd868d356e4aec86d97b5
data/raw/italy/trentino/2026-03-31/calendar.csv.gz,7260399,c9986b793c64fb6740f54e8c8480cc84a0fc31c6458d26ac0d4e1201bdc11e7a
data/raw/italy/trentino/2026-03-31/listings.csv.gz,4304990,94511eaaf351b77c55bf912e938b0ed70d5bf64ce39765476f8a7513c4251cfc
data/raw/italy/trentino/2026-03-31/reviews.csv.gz,22395900,cab77b313581b586459d232e0f4149e3e5305470f8d562e9f1ea4e5741d837ca
data/raw/italy/trentino/2026-06-30/calendar.csv.gz,8952319,32ab44a16d97cc729ad757c7fc5b5aebf06d3d55692c6e48eaa3c7d9796091f2
data/raw/italy/trentino/2026-06-30/listings.csv.gz,5370254,ac1072b7bc2ca448ed213639fe69e256bb033e2157e43d8c1304acd19de14868
data/raw/italy/trentino/2026-06-30/reviews.csv.gz,26640394,7a62ade960ad372b748941ba06d14810ddc127617962bad574bb567f2278a4dc
data/raw/italy/venice/2025-09-11/calendar.csv.gz,7439126,9a843692118531234ff4cf7b19a0540ce128a127303409a7b081425119ae5e40
data/raw/italy/venice/2025-09-11/listings.csv.gz,4613570,56465117216fc339cc2d228182d5be9768d0f224ada41dca2ad98e26d5a017eb
data/raw/italy/venice/2025-09-11/reviews.csv.gz,113140693,67feff43043dd945c4a7e44b87c4e65ef264f3eab09c5417104e014312cf9c16
data/raw/italy/venice/2025-12-11/calendar.csv.gz,7781316,176f7d63f3fa6dd917a48d30c04a5dc2eed50316007d62fbe896e235cffeaf60
data/raw/italy/venice/2025-12-11/listings.csv.gz,4052399,870d1c129696e4db769ea6e6a2194a016bcd0f63a7228aeeebe03962cc28b9eb
data/raw/italy/venice/2025-12-11/reviews.csv.gz,118880424,5fdff1c1dc87df9fceb04a04853de28fa891173ddf386f86da8baa7269795112
data/raw/italy/venice/2026-03-19/calendar.csv.gz,7039856,4312578c180aa99d0f1d0ccf5cb6a981645c7282b312c30dac3b8e7b5595b66e
data/raw/italy/venice/2026-03-19/listings.csv.gz,4391685,33edebbd19d2f0c1187e592534986b32f3b6c523f71892928d98df8f8f17eaa4
data/raw/italy/venice/2026-03-19/reviews.csv.gz,114056854,51ee5fbfd864d10fc3963f199281ed08438d2d361d920e7020db189eee3297a2
data/raw/italy/venice/2026-06-15/calendar.csv.gz,7792127,e275774e1352b2a2f72a35cbd57ef4099b2ae1364332c83fc982e1a2868ed06a
data/raw/italy/venice/2026-06-15/listings.csv.gz,5266644,7cfb93b8a374ea979da5aff596e0e8a52289686493531841f0a57fecbab3a11a
data/raw/italy/venice/2026-06-15/reviews.csv.gz,123219447,eda5a85c9d5cced9a14b75bbc3c73106b198764fb454fa50ea3f5f664089ea98
data/raw/japan/tokyo/2025-09-29/calendar.csv.gz,24273722,a3bc2e45a252476d84d422656e2ed1a0ad24ab635ad77c9748da690155d875aa
data/raw/japan/tokyo/2025-09-29/listings.csv.gz,17187917,d48df093a3fe7acaa13619ab7976bc7b834e006cde306a1c2d11e30b0ee4034e
data/raw/japan/tokyo/2025-09-29/reviews.csv.gz,127250346,ff0f000f726caa928ee4ec40e1464f644f3bf60e9a5f91bdb3f7592a05b19f89
data/raw/japan/tokyo/2025-12-29/calendar.csv.gz,27358714,89c287419c0f83d281c03a8666176ec4428962de097a45dd85f97ad3088f5344
data/raw/japan/tokyo/2025-12-29/listings.csv.gz,16317373,6de573173ec25473e5c2519a746dcbb64856e103fe08ea5c579de7f056c49b78
data/raw/japan/tokyo/2025-12-29/reviews.csv.gz,137523278,aa074a089257ab849fd35a2c3ec6e34c9e3998d37c5215293a78a17b9c900f0d
data/raw/japan/tokyo/2026-03-30/calendar.csv.gz,21507685,f3de85c1879878a28dd4cad92aef3702aa64a97ba425cb6332bfc8fddba6b4f8
data/raw/japan/tokyo/2026-03-30/listings.csv.gz,16564045,0d8fb4dd32571b7a933a3386b2e5397034027e023dce9ebe7c1c70cdca944bd3
data/raw/japan/tokyo/2026-03-30/reviews.csv.gz,138826158,8f6206fdaeb63ca58687d74605bb3747974cedf6737b200d301766294944fddf
data/raw/japan/tokyo/2026-06-30/calendar.csv.gz,29791540,c11e3771c947726c22a8b4e4d8c140277ed0939f16b6fe4b16d717a0b6c10ca4
data/raw/japan/tokyo/2026-06-30/listings.csv.gz,26992555,d61a61f0e4eea94b00717aa64fcdc9b3dca1cac8c05e69987423936d1d61489a
data/raw/japan/tokyo/2026-06-30/reviews.csv.gz,169843129,8c0df4e2d695b8751111c2834d49f0c40b52a8b08b3933362b34ce531bde2a94
data/raw/kenya/nairobi/2026-06-15/calendar.csv.gz,18199157,1a901457deec435463abefb5e612169088b6e83359e7a8539bb931bd75f52597
data/raw/kenya/nairobi/2026-06-15/listings.csv.gz,9633932,6fddd11968bcedda990fd39539f6a4af8b7c65f1132e670d99d4dab66a4e2c6d
data/raw/kenya/nairobi/2026-06-15/reviews.csv.gz,12862494,a35a1e7b7fccc288e1ff231b8cbc45f6300d48d05263ddcfc969a933cf96d0cf
data/raw/latvia/riga/2025-09-29/calendar.csv.gz,2742567,a430feb57e308f03e0567a970e14cf94e5055a4402a3b53092323fdfac8ed625
data/raw/latvia/riga/2025-09-29/listings.csv.gz,1519485,a8c79e6a62c007a817c2731da070c8c2336c3dd188ebf02f91300eebd0b61edd
data/raw/latvia/riga/2025-09-29/reviews.csv.gz,17604358,fafc88dc678517094147c6ada5867814683f2d31e79aa41f17c83f82010f5725
data/raw/latvia/riga/2025-12-30/calendar.csv.gz,2439484,e43943c0a1630c5167ce2ffe41931fb3b09ef17446b7a84a4eebb097505fd22b
data/raw/latvia/riga/2025-12-30/listings.csv.gz,1136658,b6ff6e10d074e389009a04fea6533c546a520b0669cf0f498df0b5419289e219
data/raw/latvia/riga/2025-12-30/reviews.csv.gz,15748536,29a547f9722313ab0e702a063a09dd883151fe08e5a7b79a38aeb0db8adf3886
data/raw/latvia/riga/2026-03-31/calendar.csv.gz,2302700,cf9d51ff8adbfbf427897806420507fd48851b94657041a1cbd15fe0c4fa5301
data/raw/latvia/riga/2026-03-31/listings.csv.gz,1354443,3d1ee387d13d6f8af79d41b2e61d590885fa6a987eb8065143acb82711a429ae
data/raw/latvia/riga/2026-03-31/reviews.csv.gz,15269844,8e761f03b9c4fa652cf87315ca273e6f3faa37c35aa2895eb0b01e8f1a88c5cf
data/raw/latvia/riga/2026-06-30/calendar.csv.gz,3017009,e5fc03fa0cdf9342dda431c39c90a79d90e40a7cc8377c6dbf1766b56be6c4d4
data/raw/latvia/riga/2026-06-30/listings.csv.gz,1852124,01de6a783bbcae723b6c057e8599811ec4940bc9fc77c00ff88c0195384d5e0e
data/raw/latvia/riga/2026-06-30/reviews.csv.gz,19332839,30002869f33394186ceac96e4a8bc5af23ef7e9eeb40f1d3d2e0f3d9e57ac744
data/raw/mexico/mexico-city/2025-09-27/calendar.csv.gz,23037908,94c452de4f56836abe805966131a53944e7e7b6bd66d7837fd8fd8e34fb75cad
data/raw/mexico/mexico-city/2025-09-27/listings.csv.gz,14513553,af74baa1264a4bb54ad674fc0becc45180afbc4a0ab6e56028ff62941565f78f
data/raw/mexico/mexico-city/2025-09-27/reviews.csv.gz,141542027,6b58f4387a8a23be4b215adb8e4e2b8c8b2fbeb9ed75a82059cf93b76e61032b
data/raw/mexico/mexico-city/2025-12-29/calendar.csv.gz,21229810,a37e29da094c0bf562a26a1fbbf155b718caa84a055e4b1887a6534c15db0bb1
data/raw/mexico/mexico-city/2025-12-29/listings.csv.gz,10837057,b85b50db405e17f82fdf78a2a15a794c9558962f14fc5602254983f47f9e8935
data/raw/mexico/mexico-city/2025-12-29/reviews.csv.gz,138728033,49593fd5028b03b0c09075495c73b4e1569eee6c14560791b2b7a7963e08eabd
data/raw/mexico/mexico-city/2026-03-30/calendar.csv.gz,19570748,098211c00520e160b9cb25787238fbae7140c766ed461558e456096e2547abff
data/raw/mexico/mexico-city/2026-03-30/listings.csv.gz,13166502,7fbee068b020fb2597952fd1a0a06a884ec06b8846979b15a1deacffcd46d1be
data/raw/mexico/mexico-city/2026-03-30/reviews.csv.gz,142862928,a6b6bd5c2de8f651907046f856a30c7b35e969b2bd656eb6fb6ad8f8a50634a7
data/raw/mexico/mexico-city/2026-06-15/calendar.csv.gz,26855152,0c908ec722a70dd23c3385f0e67e3de731f38b6f024aa31ad4ba7f7c6528c678
data/raw/mexico/mexico-city/2026-06-15/listings.csv.gz,18411663,bbe24eee4a96cb41a157e8b3eed9420225ec9fb94137233d9c2f4ce6d64eebfe
data/raw/mexico/mexico-city/2026-06-15/reviews.csv.gz,167700377,2d5f2c07729f19c0c7e37d9fe773c5a90ab7c031e66bc4388d8a9c1946c79b57
data/raw/norway/oslo/2025-09-29/calendar.csv.gz,10405471,4491414b3adeeeaba662683acbe561052af09b5cb7b34484ad3d466254ca0188
data/raw/norway/oslo/2025-09-29/listings.csv.gz,5816832,344ce1ed71ef478d6e997821fc2d92a5f211d3d564f3bb2af828e3ebd96fbe4b
data/raw/norway/oslo/2025-09-29/reviews.csv.gz,27640513,317580d5fb1c32eaa8da52d9bac6734c0ac832dfa483cf486893776ddb5e4d9f
data/raw/norway/oslo/2025-12-30/calendar.csv.gz,7574169,0ca5663ccccd608fccebed21d96d9f49c80579f71006ec8a281ecf9b0cc13105
data/raw/norway/oslo/2025-12-30/listings.csv.gz,3693080,c0b69f8fd9e05af450cf73edbf39fdcb8dbaa979d890179da527d9f1722ad245
data/raw/norway/oslo/2025-12-30/reviews.csv.gz,22160784,b2947e9a4af90254c537ee69a4dd4cf6110d0c2e136926f4c58555a0a7ef8d66
data/raw/norway/oslo/2026-03-31/calendar.csv.gz,6863370,1e6d868b1bece654a382a9c9045eaf50172704707399168d8de7f9351007236a
data/raw/norway/oslo/2026-03-31/listings.csv.gz,4326328,c0dc7a2556c04760c635b06a5d15faa5e3c5957e89b171738f09632270555f35
data/raw/norway/oslo/2026-03-31/reviews.csv.gz,20900065,ce803cdd5a7e369fc2e4a2bfec1f5907ba2345cded73bfdc1812c2546fc908b3
data/raw/norway/oslo/2026-06-30/calendar.csv.gz,11497416,ccb87fa661b70ceb25f891442791bb8cf2e005643f1525ae4695944baeef586c
data/raw/norway/oslo/2026-06-30/listings.csv.gz,7099792,2a3c604bb3113e04e65ff4573cfe7ee23b0015a0d04bc824b761c2a1b85add2c
data/raw/norway/oslo/2026-06-30/reviews.csv.gz,30076792,1214ba47da6cc82cdd9155404ca5fe49960509c260665b9fcb905e15216aa106
data/raw/portugal/lisbon/2025-09-21/calendar.csv.gz,21718037,efc8a584cadd9efae730a0609a3faaa328bc217e0112ce67b7bac89a93340f06
data/raw/portugal/lisbon/2025-09-21/listings.csv.gz,14248985,15b9411c25c15e501c36e6f818b52244b3d1a22aca0ed94580cef93208e0dd34
data/raw/portugal/lisbon/2025-09-21/reviews.csv.gz,235936413,21b0494a762f2a4462f403f7d275be742c85f1043997e206125e09098b1837cb
data/raw/portugal/lisbon/2025-12-25/calendar.csv.gz,22259553,67d675d5a182509cf0fae3110e127e1be21c449bc90a9806513c128fafe03a65
data/raw/portugal/lisbon/2025-12-25/listings.csv.gz,11708746,6db21242e74a51b5538a1575c4ed1ed3568b9f6136835db9730307e1cbafa48d
data/raw/portugal/lisbon/2025-12-25/reviews.csv.gz,241663604,ce3318c0643d6d6750199437225f06db72e9fcaaba1669eee1b37f3973d0044e
data/raw/portugal/lisbon/2026-03-26/calendar.csv.gz,22043225,a7e44d600b38866e6879ad2a98203608e894ceed218995da2bb4c2c64cfcdc67
data/raw/portugal/lisbon/2026-03-26/listings.csv.gz,13896039,db67ff6749960e2093564a18ab8cb30e7c53abae601969598ba6ed228678780e
data/raw/portugal/lisbon/2026-03-26/reviews.csv.gz,243988426,596e6bf2b7aa6946486c1d5796873f19e594131b72280f593c84278fbf0c90fa
data/raw/portugal/lisbon/2026-06-23/calendar.csv.gz,21813511,02a61b6bbf31341fcb97cef5560cfd7a12d0a8bfe5423abb333b8f4595b6c402
data/raw/portugal/lisbon/2026-06-23/listings.csv.gz,14273494,1845748e8fd26473eb72874bb11110a6ad5d45d24c74c2cea480eb72ddde1bce
data/raw/portugal/lisbon/2026-06-23/reviews.csv.gz,251303584,06bbabbd441b08eb507ab88f0b3e3748ac944bedb255ab074cb65e0664fc3b10
data/raw/portugal/porto/2025-09-21/calendar.csv.gz,13539983,72baec4343af34450329cd2ad5d55b9a1ba791c79986017d4a2b1b614104f455
data/raw/portugal/porto/2025-09-21/listings.csv.gz,7666894,4fae01c9eb766566e567af2c35cb84e0daf02a7c2ff5e4fa67e2edfdc4378a80
data/raw/portugal/porto/2025-09-21/reviews.csv.gz,131570631,701205b2e9ffbe105d3a320e7cb1f6c29383ab1fdf44ad81176757ca84eb07d4
data/raw/portugal/porto/2025-12-25/calendar.csv.gz,13733778,e2decf6c4759b99c0305ab37fa7cf498e3af04051846cbc68ea6429601104a9e
data/raw/portugal/porto/2025-12-25/listings.csv.gz,6471772,19e3963d466b2648cd148bab8560be010ed2cea3d393ba7b4e34784dd36180a8
data/raw/portugal/porto/2025-12-25/reviews.csv.gz,137596116,698acc541081167a565e668108587d72368064ca5a86ce2d2833176a12ab849d
data/raw/portugal/porto/2026-03-26/calendar.csv.gz,14159010,845d284496f3f3953128a945c44764b653ef9dc61294d3c1633f44069b7f372e
data/raw/portugal/porto/2026-03-26/listings.csv.gz,7904518,e9844b06e244163aa45016789c36f36e59662e86a2d88265ae0c4db965d8f466
data/raw/portugal/porto/2026-03-26/reviews.csv.gz,138286254,b88f85f3b1301c0d4db02f465317c9449db7d1adfb4c1f965aea12ffca35ada8
data/raw/portugal/porto/2026-06-23/calendar.csv.gz,14091013,fe44f37b26bf39bae7e8eea37a49faa8ab7f37b8dcb2f9153e33aab7025c4fc4
data/raw/portugal/porto/2026-06-23/listings.csv.gz,9460410,5fd763ac5529afebe3a530bcc9108f317c4d36d7d5d56579e8b7c157faab8fa2
data/raw/portugal/porto/2026-06-23/reviews.csv.gz,143861981,a71dc5e48c5e90f14ab8b6043be7a3e580d25287adfb3c87370c324af42761cc
data/raw/singapore/singapore/2025-09-28/calendar.csv.gz,3081116,999fde83452b194d4cfff1477ddd6b5b1635d7c953a034cb7242886058f2cb5a
data/raw/singapore/singapore/2025-09-28/listings.csv.gz,1369223,43b5424edbc322083063e7460a5412e0bd61590359c481286311fba5b17d9f01
data/raw/singapore/singapore/2025-09-28/reviews.csv.gz,4488458,cb7ab8602ef97bf3fd0ed76f40add9828cd5dda19df64906054d37096c393a3d
data/raw/singapore/singapore/2025-12-29/calendar.csv.gz,3099921,dbdcbd57f0a3155421908e0bbe22663a84861db7376336cbef31a94860601e91
data/raw/singapore/singapore/2025-12-29/listings.csv.gz,1128747,d29459a20b14e7cc9104713fa8e6c373ea5481ef35593c90dfb8da17bfb2234b
data/raw/singapore/singapore/2025-12-29/reviews.csv.gz,4484521,1f370ec22e0b3c5fdcd72b806ff1df278ad07cee11a9f95520b94f2cf29134ff
data/raw/singapore/singapore/2026-03-30/calendar.csv.gz,1020540,afebaf39ad02cf1bc34ebd34908ba771f6cf02008e95578f79925b64f806350c
data/raw/singapore/singapore/2026-03-30/listings.csv.gz,411230,63bd01e0e8c75b2d5cd14dbaac0e3488004dfe69f44477c037e949bd9b8327e6
data/raw/singapore/singapore/2026-03-30/reviews.csv.gz,2469482,50803ae3489506bb31bea42cd337ccd55a0651a6a20048b80a48cfb3be53e5de
data/raw/singapore/singapore/2026-06-29/calendar.csv.gz,2684783,4a983dcf746f7e1767cf1e560a1422e88a4b741cd28797ffcfcd8450b512776e
data/raw/singapore/singapore/2026-06-29/listings.csv.gz,1255634,e6d6975bd21f24895f204e3ed8af538329132f35b3958d99b3491c8ba65561db
data/raw/singapore/singapore/2026-06-29/reviews.csv.gz,4789425,0ab4334085916ad2df476d00fe0901e384aa47012a14a9add39f8f3a2f021b04
data/raw/south-africa/cape-town/2025-09-28/calendar.csv.gz,23701043,0790fd7bdcaf6d99c260bdc05ec16a930d5ce2f6407feee9ad4b2f607721fc45
data/raw/south-africa/cape-town/2025-09-28/listings.csv.gz,14971027,05b36f48642875c2ed5572922fdbd729f997ccad0f578c8f72d645eb59a27d0f
data/raw/south-africa/cape-town/2025-09-28/reviews.csv.gz,72112878,ec8708cd697c8aa32a2c537144deb3890ef52da8ccba7725e8c0de68380dafc4
data/raw/south-africa/cape-town/2025-12-29/calendar.csv.gz,21204119,fcbfd8837f442a256fd19f5227e0f506f279565f25bec08fd94cdbaf5292842e
data/raw/south-africa/cape-town/2025-12-29/listings.csv.gz,11691751,dd614004330aa1175542994cb74ff8f7bfe998af154416347f018d373f000cd9
data/raw/south-africa/cape-town/2025-12-29/reviews.csv.gz,70916678,d230d8ca514dfb576c2da7c83be17f75b84263947b6eecfe5b217afd8b6191fd
data/raw/south-africa/cape-town/2026-03-30/calendar.csv.gz,18808351,93436173c7108cc9e4b06f490b93df46da566f9f157a5fe1898ac2879220ae69
data/raw/south-africa/cape-town/2026-03-30/listings.csv.gz,13170562,9acb093d4d7e339c13de868998fa07f9dd54110d704c79fba8c19efd09a0f719
data/raw/south-africa/cape-town/2026-03-30/reviews.csv.gz,73409041,e1ea32a608a5614c9587e1c2811ef3f099178902986a742084812f2a8d25bd28
data/raw/south-africa/cape-town/2026-06-29/calendar.csv.gz,23497402,1c66eab169ed97c187644808c983f2daaa8a02f3bfdc46ddf72c8989308472a4
data/raw/south-africa/cape-town/2026-06-29/listings.csv.gz,16122289,2dbbbc7a4ac85a9810f3480bfb49dafa5037d6b6f7364f57855c00a8d73f37fa
data/raw/south-africa/cape-town/2026-06-29/reviews.csv.gz,83448465,622a88678a080d593f764084b0537d982494f05a718c990be27cd852e8279be9
data/raw/spain/barcelona/2025-09-14/calendar.csv.gz,16600259,93910af6c45362c3c7da75a5fbfa4342ab59dd6a36432ea2913ed3050f440b53
data/raw/spain/barcelona/2025-09-14/listings.csv.gz,9709188,f6e61e1d11e301b5d7fbf0888db7037a04fb22df0b44182c04e41075d38abb83
data/raw/spain/barcelona/2025-09-14/reviews.csv.gz,131824512,fb52c1cb82c24c2a6bacdb4486dff089eddf872db38354d80b3415d1680ddc7b
data/raw/spain/barcelona/2025-12-14/calendar.csv.gz,15965321,6a37987bb08fbf74bb8fa9d2dd92697c0089c13c31bfda15216855ee61596c75
data/raw/spain/barcelona/2025-12-14/listings.csv.gz,8006164,b6b498811bad0f154ccb35ae159dc0140bb047bcc59736cd3ad3cc2319a1f2a8
data/raw/spain/barcelona/2025-12-14/reviews.csv.gz,126935825,14c4d9da2b5073356063c4f95cec591169b75b147b22c12b1dbefeba6d6fcbdf
data/raw/spain/barcelona/2026-03-21/calendar.csv.gz,13885049,0cbcc9e6b046271be9f5a086328229aa34454c2020db0ad4a66d8bb23c76928b
data/raw/spain/barcelona/2026-03-21/listings.csv.gz,8164851,7b603588d37874d39be0f692dd33c211f87a61b5d8ae2fab75bdf5078979af12
data/raw/spain/barcelona/2026-03-21/reviews.csv.gz,128516389,703ec2e82cdf371680413b0b4f6f936188386328f207ec402a229a510f18f715
data/raw/spain/barcelona/2026-06-24/calendar.csv.gz,13298828,556080001bee9da05cd89277f14117cf45a3dc9eaf5434839d224470905ac215
data/raw/spain/barcelona/2026-06-24/listings.csv.gz,8175620,aefc9848413a265973255a3ba6e43b650b645f9ee558a2474912e9c9d06a77fa
data/raw/spain/barcelona/2026-06-24/reviews.csv.gz,133310522,555d4d00c6ded5600219eb90a30ff94a32a991be56a4d8653caa06acee640d5d
data/raw/spain/euskadi/2025-09-29/calendar.csv.gz,5512948,b82a2be1a3d2f70883baecb9d92ae0b9e342a77f696ea167f32afb5daa58ca49
data/raw/spain/euskadi/2025-09-29/listings.csv.gz,3306720,ec22868a7c7633ec45c75fc1bae8787182af783c8647e51ac76b6aa79ece16df
data/raw/spain/euskadi/2025-09-29/reviews.csv.gz,42403750,3fa029efdfd2c163b877af1deadb72476c4d2c40181f690200ce4a4f1fb90826
data/raw/spain/euskadi/2025-12-31/calendar.csv.gz,5015820,888e2c272d32e5f47e5c62c7687e84045f19f280db7d0f2ec363bf7ad4249444
data/raw/spain/euskadi/2025-12-31/listings.csv.gz,2508715,3d9d4f1e993896d3834dd5edb73bc42fee619aa1239e732149fdb399491fb94b
data/raw/spain/euskadi/2025-12-31/reviews.csv.gz,38823274,86d25d54d1abde5f3cf37b039a5d0662ea865ac87ce4868f6e53c22ed60b6682
data/raw/spain/euskadi/2026-03-31/calendar.csv.gz,4659589,e8dd643df7da67ad56f0a6588c7bfbdc216e2b66fff26eac6625de3b942f5a4b
data/raw/spain/euskadi/2026-03-31/listings.csv.gz,2863607,d2a18921a19f3023330c4b73b96c4075e1630029d13fc98b2083ab2d27872dd1
data/raw/spain/euskadi/2026-03-31/reviews.csv.gz,38679433,f59c864fbf3c900566c43cd9c9119152d1b60c61f59dbeb0e2ab094f1a4bc6ee
data/raw/spain/euskadi/2026-06-30/calendar.csv.gz,5541291,ea0254f450ecf237c88f143aafa89fe342d00df8a5d5fa4ee911d385910dc01c
data/raw/spain/euskadi/2026-06-30/listings.csv.gz,3524680,395ae96d285b972e22326302c943f330232ca288bddb6c28bd8355c34ff68935
data/raw/spain/euskadi/2026-06-30/reviews.csv.gz,46422486,e31f747c7fc3267651abf490ee9d66693e2eb995e858de30b667f60070303dc1
data/raw/spain/girona/2025-09-29/calendar.csv.gz,18199361,eb7598390607bab4432213c7653f992f5782dfd9c6eeec2876398a0a0f29a969
data/raw/spain/girona/2025-09-29/listings.csv.gz,10852297,e8f7dc3c385deaf33ef0ab37ed9383e3f942d3ddd45cca16b2f6ba0f4e7b5fad
data/raw/spain/girona/2025-09-29/reviews.csv.gz,58838732,c4b0478d7e102369a28318ccb8443c87a6c8bcd919fa61e744ab6f78c26f2907
data/raw/spain/girona/2025-12-31/calendar.csv.gz,15977185,8a1ff31ba6647828ed1a0e33c7dbfc14c0ac726bd85bed964cad462bd4359ec6
data/raw/spain/girona/2025-12-31/listings.csv.gz,8135883,ac3572e033721b0ec1add49e244e00d783c6a81bb42c691993f2fbdc761abfb7
data/raw/spain/girona/2025-12-31/reviews.csv.gz,52515576,4fada1d46250a210befcc052f39bf76107c30d82c938b7ce8bfbdddc17563590
data/raw/spain/girona/2026-03-31/calendar.csv.gz,15387216,687c3abf224369364cd638dee0721740cabd214c8a5565b5b75bf8cb35aff181
data/raw/spain/girona/2026-03-31/listings.csv.gz,9796902,7def03c71020df39c83bbf6dc39bc4a2d833870f086ac2c2d2f12b455aafb5fc
data/raw/spain/girona/2026-03-31/reviews.csv.gz,52229491,558e54e5da3b1e9ce56a6cd43dfd7a220aab754bcf4bd5b5fec6782adaa72cee
data/raw/spain/girona/2026-06-30/calendar.csv.gz,18837082,37d1da5c20059ba87e3a51b3e1e4b148852024051fe571de9a07d7657582b2c4
data/raw/spain/girona/2026-06-30/listings.csv.gz,12213304,73d31dfa63ebf9fa151c4dda75a85a149cbe628e896e17e253299d801335291f
data/raw/spain/girona/2026-06-30/reviews.csv.gz,61589911,80862597673da6ab92805e011654629ccecffeebcaca81764636939221a011bf
data/raw/spain/madrid/2025-09-14/calendar.csv.gz,21634243,928b2692393c606b9e910e1947c3430f69af00a5247b20f0bad84d9f66167f4a
data/raw/spain/madrid/2025-09-14/listings.csv.gz,12322661,218e019511c2067d913602bb71877b8b6dab8e155c8c43e44ebb5da4a2e97f19
data/raw/spain/madrid/2025-09-14/reviews.csv.gz,144462299,1af57a2343ab29bf919c5c169e08f0ed47628af713eb9421322141a47494b2a0
data/raw/spain/madrid/2025-12-14/calendar.csv.gz,22057467,5dfaa68fae3ab839a8f107bd86098f0349f0d0aca64daa807b0cd948fecbf79a
data/raw/spain/madrid/2025-12-14/listings.csv.gz,10985877,7044e5eb1b1a646523149fc361b3bad6519d6ced742005871c04ad241a3148cf
data/raw/spain/madrid/2025-12-14/reviews.csv.gz,150108918,3c6aee09e45b16c48a1661a92a77e05cd4227696eac369a1f7c3f972eb887534
data/raw/spain/madrid/2026-03-24/calendar.csv.gz,20181811,92640c368a9de1b383afae3c062f4691f7b4435e78ee0614829f940a1e29293c
data/raw/spain/madrid/2026-03-24/listings.csv.gz,11556930,a9186447c246c9a567f153878102c46ca0224a6772d1d369cd8186bfabbdf631
data/raw/spain/madrid/2026-03-24/reviews.csv.gz,150215483,b326bc9c365ba91a4cf73ba5c4fb12b1b4eb6770a6545209737210954387408b
data/raw/spain/madrid/2026-06-20/calendar.csv.gz,19956581,480aefc24cb77405828926c545163779a1f20fe20ac43003edb6cff6a08d698e
data/raw/spain/madrid/2026-06-20/listings.csv.gz,10368398,18e0f5c631759b6588503b513f21af6045fd883467a39b2d9903bc97d36bd9a9
data/raw/spain/madrid/2026-06-20/reviews.csv.gz,161132936,9d4f5080ab59677ba2343b2b3f7ffcae4ec7dbac823deae5a482907b78f7ad27
data/raw/spain/malaga/2025-09-30/calendar.csv.gz,8616188,bf84a43c96c5fb410ae3491952a5be215029b203114cb25c415bba2399bbbcbc
data/raw/spain/malaga/2025-09-30/listings.csv.gz,5007502,9e893ee0c1a4cdfb0f16a34344395d3d852495ab867bf8332982c82084fc6256
data/raw/spain/malaga/2025-09-30/reviews.csv.gz,60507010,0db2434f97e31e5e4d298fb9361dbfb17b6c3b36337c6d29bb5305ad15695708
data/raw/spain/malaga/2025-12-31/calendar.csv.gz,8121343,3c70cde0ddf40ee2b3a9b56d762547bebedb56dd266b26445b2a954429a04fba
data/raw/spain/malaga/2025-12-31/listings.csv.gz,4064959,d7df3c62b2197022b66df8ed6d800beec8f3228280bea3df19fcf7389987ae53
data/raw/spain/malaga/2025-12-31/reviews.csv.gz,59248387,637abc83b0a2b0c154fc2438cb05932683f839007efb3c121aca49f48a539140
data/raw/spain/malaga/2026-03-31/calendar.csv.gz,7364560,0e8b58552b4c862bf51bdf62b9ddd5218d5dbf9bfb7340fbcfc8f71dc90ff0d5
data/raw/spain/malaga/2026-03-31/listings.csv.gz,4568099,a6b84a8435c9907990291a2d827207ef3ca851ed5f493484fd93b197a57fe46d
data/raw/spain/malaga/2026-03-31/reviews.csv.gz,56915263,d2ad31678f0cccd25ef07639a1b03869e05630438b013080ff6925ef1411b132
data/raw/spain/malaga/2026-06-30/calendar.csv.gz,8599431,575c02f7c1763329cd3cd9fe0efc6a198467f40b8192fd0cf78db3c2f8983806
data/raw/spain/malaga/2026-06-30/listings.csv.gz,5439939,12081d04662fd2b2033474e43a445804eb9dab536b859413204f0472d97b6d2a
data/raw/spain/malaga/2026-06-30/reviews.csv.gz,67377350,3b5977b6ad72a83b75b6c1b899152b6912c35d009dd5e807d8da533aeab40bdd
data/raw/spain/mallorca/2025-09-21/calendar.csv.gz,13556765,c23250d275949714cca30a8b12aaf46f949a9af9759f36fbaa643f3f7fe4f3d6
data/raw/spain/mallorca/2025-09-21/listings.csv.gz,8453524,0a2f55bc381d3a5866723c4c0274d5c1f0d4d5c2c9d0276c51f7224a7202b90a
data/raw/spain/mallorca/2025-09-21/reviews.csv.gz,59729037,e049184ea8361ee7a65029f6ab9afeed85a35363acc5287d3b6678104a118978
data/raw/spain/mallorca/2025-12-25/calendar.csv.gz,12562188,b0a42f8eb9e71b905e3e2ceac8d4faf3e44361ceecbb5eade8514c401e9f4e02
data/raw/spain/mallorca/2025-12-25/listings.csv.gz,6700420,86e171704c7e9da7fc52b61e8b478182e1e0353008bb03f5445ee34dec8b0a16
data/raw/spain/mallorca/2025-12-25/reviews.csv.gz,56220040,a608ab6acb72f41dea6539c2f77b624e06185384147d1ad8fe98baff647c99ab
data/raw/spain/mallorca/2026-03-26/calendar.csv.gz,11802411,dedf6a17c967f0a6fea87ae9ec3bc43ee6f4aabd8b3c44f8c0726e5bed5c3439
data/raw/spain/mallorca/2026-03-26/listings.csv.gz,7400314,c7483e2636a67eb4c3a9aa02ff44b9ef1c82161937c30e05a02acba4e84d68b5
data/raw/spain/mallorca/2026-03-26/reviews.csv.gz,53078792,6da49d5bccc203aef5a927c4dc6748846dd7338bfb0fb223a5cd079475e20c0d
data/raw/spain/mallorca/2026-06-23/calendar.csv.gz,13511301,01407d8514156e5e2d79d0a5dba2daf315d20dd06e8aca6800f181849565c218
data/raw/spain/mallorca/2026-06-23/listings.csv.gz,10034232,3b4d231a3d3eed646b7a4096c499b992781b81a96e1f3aab2114eff33f2dd1c7
data/raw/spain/mallorca/2026-06-23/reviews.csv.gz,62282786,3a5fa45f610520cb8c6ed5a86da9bdec19b215a2891995809bf1fbba1351df00
data/raw/spain/menorca/2025-09-30/calendar.csv.gz,3195283,a45ef034add88af1b5eafe10b867afbdb67d96c7fb56c173662c6875c6b498b4
data/raw/spain/menorca/2025-09-30/listings.csv.gz,1888863,d6e1de2cc040b9b30beb39672f99f795ee782bf825364bbdf4fd083e205c1b77
data/raw/spain/menorca/2025-09-30/reviews.csv.gz,11307354,47ff43540124549fbd981cae0380ecfde6b442f5ec65f0e9cdba68c4b410c7a0
data/raw/spain/menorca/2025-12-31/calendar.csv.gz,2607389,832ddc9e08d93916419b33ef534d62637864b66f6d0f85ab0cc8d4e5abed111b
data/raw/spain/menorca/2025-12-31/listings.csv.gz,1258239,10ea1a424b6189b1defb223584c3685ac56d3f12bf83ae1077753c4a5d9d7be3
data/raw/spain/menorca/2025-12-31/reviews.csv.gz,9179854,64b4247c72491691322da9b9d3e1a480e28aff9ea0ab0ff0ebb0fe039c029f2b
data/raw/spain/menorca/2026-03-31/calendar.csv.gz,2809346,55859df10a11b9733c166f3c97de92423d6e8d88c310577c789ae87a81d9254e
data/raw/spain/menorca/2026-03-31/listings.csv.gz,1736465,cbb231c784c222d6694b6ee1a9d7efad62281ce5ceca19c9c9822987d735a0bb
data/raw/spain/menorca/2026-03-31/reviews.csv.gz,9805804,2b50bb1d30908d8897978c206ddedf44c663a52f72dec541d386f87772d18975
data/raw/spain/menorca/2026-06-30/calendar.csv.gz,3207890,9e00ae8954116246696ae16d3d551dcc876728df8c3a96c8683ac172b7b06bb1
data/raw/spain/menorca/2026-06-30/listings.csv.gz,2314441,1c6f4ea4e3d4e2775e157d1c2e64e4b27bae2def83d1a699a642b26d1fc45dd3
data/raw/spain/menorca/2026-06-30/reviews.csv.gz,11770136,70a017379eb7a28d222a5cf36962761923df95d366c65959b60bc2dc839747cd
data/raw/spain/sevilla/2025-09-29/calendar.csv.gz,7245409,9a8da4206fb984c88bdb261be6347704f1ac30d229c551fff766f74c7980bce1
data/raw/spain/sevilla/2025-09-29/listings.csv.gz,4491691,4a438f7c82ed841e0fdebe0c19746a3ea3b07a98f220ae4ebadc42fdb8c092b8
data/raw/spain/sevilla/2025-09-29/reviews.csv.gz,84377841,c61627de716b970585b612023c25321cd6b8975f40894c903190ceda286f1cb6
data/raw/spain/sevilla/2025-12-30/calendar.csv.gz,7016177,9d694f97afb37c2d62c48b7cf59d4945fbc6beb4d56227a896d387a882b724e1
data/raw/spain/sevilla/2025-12-30/listings.csv.gz,3566975,c6fa91f96bdd97266bbbba3d6a5171529be47f9d99f48a0623ad52e8fac514ca
data/raw/spain/sevilla/2025-12-30/reviews.csv.gz,85069305,3489da9166c95cacbdb4c81686ac225333e74b29676820d033fb36415b9505da
data/raw/spain/sevilla/2026-03-31/calendar.csv.gz,6344672,1c34b290d132cb26470503cc4529e294e3a0cfd14572427bd407c239ae18dbcc
data/raw/spain/sevilla/2026-03-31/listings.csv.gz,4048937,f017cdb87128aae0d0de8eae39213e728f5a78e0c80a223d89f404918acc6f05
data/raw/spain/sevilla/2026-03-31/reviews.csv.gz,81573202,787f0b01d3cc3334c2a719e27c5c19f551b61d6e653a2395213cd1354850c20e
data/raw/spain/sevilla/2026-06-30/calendar.csv.gz,7388044,c028ed3367aee52b6990a2c19453f7bf646e8133dc4b3636b2d8e7227d79836d
data/raw/spain/sevilla/2026-06-30/listings.csv.gz,5185076,af1788a955eb869f29b3c66e515a348b9ffeecaadff7480c1cdffe71a9856519
data/raw/spain/sevilla/2026-06-30/reviews.csv.gz,95104248,5e7a22bd167cbd51f067c3e0e744bda2d8ce3bbbd69349e95e021075b0ccf6e5
data/raw/spain/valencia/2025-09-23/calendar.csv.gz,6948837,ec7cff547d4cf3a7f0b1acc1373bb3ffd3f73fef3c737cee1dac5d3ae6ba6a73
data/raw/spain/valencia/2025-09-23/listings.csv.gz,3971535,5ec16cdae41a06fc1e1dd7f19cd8362747535e4fad09b8bd282a1a77d6699a9b
data/raw/spain/valencia/2025-09-23/reviews.csv.gz,52085975,67def2661649bdcdbdd52b2d9457eb03a14fd32f968e47da47ffbe8e8a9910b2
data/raw/spain/valencia/2025-12-27/calendar.csv.gz,7061777,12665a39a7678e482868f43f51241c921032fba2849e5990a7261aa1a1920a19
data/raw/spain/valencia/2025-12-27/listings.csv.gz,3419399,b52f3e3bbc903a63669683e11edc45e30f8dfe3b23210e0c8e93e7c6603ce6e8
data/raw/spain/valencia/2025-12-27/reviews.csv.gz,54247310,0829b407c05d40e662ae8e1833879ec63aaf924fc26265fc8b6e224f5041a8ed
data/raw/spain/valencia/2026-03-28/calendar.csv.gz,4504593,bfa76480148d783f1983a9008a218193bacf4d6348b3131d78fb31db1a16065c
data/raw/spain/valencia/2026-03-28/listings.csv.gz,2174126,d2da7ec04223428b0eed59b34902b3d4cb98ece7868d7d1ead502c59b02dbc97
data/raw/spain/valencia/2026-03-28/reviews.csv.gz,42516112,2ff3fe132ad409213c1b5f74861b5a8923c05c2986c557e9ff9aa2559cfffa90
data/raw/spain/valencia/2026-06-26/calendar.csv.gz,6993506,fd0949a79ff95fea1f63c190b6535c283c16fcfcd06f2ee6182336d58a523b22
data/raw/spain/valencia/2026-06-26/listings.csv.gz,4363480,1e8b8c2fe84b1be886825160561469d51d117707ea1a3748e0ca2ff3e1a55d4f
data/raw/spain/valencia/2026-06-26/reviews.csv.gz,58971094,ac388197da9af98b2d584fed4f6b13bb96fb1e8a40e596b8e67fc3e73c5df240
data/raw/sweden/stockholm/2025-09-29/calendar.csv.gz,4202782,8b7401c5d842ee1329b1a8bbb408f14ad6bff982c4162c3fbbc1ef9d0fc6e6e8
data/raw/sweden/stockholm/2025-09-29/listings.csv.gz,2435995,eb321c44efce27e02ccac9bdb0003fffaa699df7f3273b66ac4348036506f993
data/raw/sweden/stockholm/2025-09-29/reviews.csv.gz,19609925,da547f194f8003ec476877a642f2ac32a1f9c953d3eb1b5174914adea7b7d53f
data/raw/sweden/stockholm/2025-12-30/calendar.csv.gz,2851365,7daa6af0ca389ef8d801e20bce66e4010f5330f76f0627e4eebc766c28700b47
data/raw/sweden/stockholm/2025-12-30/listings.csv.gz,1389475,554c3eab4ff543b6cb562aa30d78e7ac9c65e5e505ab270d63f6b6309e333324
data/raw/sweden/stockholm/2025-12-30/reviews.csv.gz,16093067,e4d2255f43e4f0ce356ff61f361bd7b4439c5bfe0ca56f36e69e57304eab8f8e
data/raw/sweden/stockholm/2026-03-31/calendar.csv.gz,2238912,9efa9431e5c0ac8374e54682afc20c8e81a58d41189e5041e4fb37695da06c1b
data/raw/sweden/stockholm/2026-03-31/listings.csv.gz,1444396,7a23a89c7dac562350d37afa5716690f3a0d8a5c6bfd08d6d674d3787d697bfb
data/raw/sweden/stockholm/2026-03-31/reviews.csv.gz,14778339,da74d27f0fbc5c5b0e893c5756105ed8e72cb807eafa94014ad3f18a3ac84b1c
data/raw/sweden/stockholm/2026-06-30/calendar.csv.gz,4104328,7a4618fdf17fdfea1a9a2d25961697da85d0c26a063c2b68bd04b23f49e6c8ae
data/raw/sweden/stockholm/2026-06-30/listings.csv.gz,2558084,6d0ff60954da6e05b73ed741fe7ebbff5b57fe3b18acf4696acf5b824e4e6d6f
data/raw/sweden/stockholm/2026-06-30/reviews.csv.gz,20227368,0c31ed944cae2053083fb5ca6db717ec26b2016628854a540357f91d17faf0f1
data/raw/switzerland/geneva/2025-09-28/calendar.csv.gz,2272925,cddefdd6afe3f7e89a344de7d02997ef2c0aad61ddb066c68c8674d3a90cf069
data/raw/switzerland/geneva/2025-09-28/listings.csv.gz,1165304,88f3df84c10684f02fcd326e271909909c68da698a834317b6a9126558cae639
data/raw/switzerland/geneva/2025-09-28/reviews.csv.gz,8281697,d83a97b59ce85f09e9d725548edc6467ea91158edb5a5d40814e00f34c7573df
data/raw/switzerland/geneva/2025-12-29/calendar.csv.gz,2426267,5c0bb04b554cff1087b4711ba838484a9b079fcd327189e127ae8312dbd5cf4b
data/raw/switzerland/geneva/2025-12-29/listings.csv.gz,1069135,5cc6a06beb293e078590b3e22fe172ede236b57e6b10b3cb99c9e4d17388eb9f
data/raw/switzerland/geneva/2025-12-29/reviews.csv.gz,8176609,c8798aea30bb9ea19041730d1c6181dea719f3d41d8cabba3e0446b07262d67c
data/raw/switzerland/geneva/2026-03-30/calendar.csv.gz,1446394,63b6f9fd28fa164c839c4d2397a526f26f50d1f24f966b7f114a9ccb00b09161
data/raw/switzerland/geneva/2026-03-30/listings.csv.gz,822870,39450a87f1fcb5eadbe69fa4c3f7588d5c5cc786f30b0edba69ae83ae6f05e80
data/raw/switzerland/geneva/2026-03-30/reviews.csv.gz,6008371,3a9cf716e8d3240c5a9fd7e144499707db945f170b79bae73c4a3f39f69f240c
data/raw/switzerland/geneva/2026-06-29/calendar.csv.gz,2192261,6f924e9e5db572a0fc6bd8033d4668db5ed6510d77fdda9b0d11b81e33935ef0
data/raw/switzerland/geneva/2026-06-29/listings.csv.gz,1248107,70cf92f9407bb558a14aa13433ebf75d984b3f7375fddf703b7176f7d96dcb6a
data/raw/switzerland/geneva/2026-06-29/reviews.csv.gz,8159010,730bd1d659e69d076f86fc323b2303511c4a8039853a18dda8242da0e0ee028e
data/raw/switzerland/vaud/2020-06-21/calendar.csv.gz,4426009,31bfb3ce9db46c4852ebf9578dce7b317d655f57ce18d43f72ff68c985c2bd09
data/raw/switzerland/vaud/2020-06-21/listings.csv.gz,3506159,aca5695b4e7049f249d0dee9ae6d50399852e94bcc848971d86fe662674f16ea
data/raw/switzerland/vaud/2020-06-21/reviews.csv.gz,6654291,af9c743743536003b1ff9f043e74c1602515ec1113beb6940e1aae228fe75233
data/raw/switzerland/vaud/2020-07-22/calendar.csv.gz,4419662,1063ccd80215e0e86e1b8eb3ee12ebcc92acf558f9a4a262d4c4531cbfb5edc2
data/raw/switzerland/vaud/2020-07-22/listings.csv.gz,3539059,bdd381978a72f6f584a13829d309bb31eff6cf7a5174c189364f0a628ae23d2b
data/raw/switzerland/vaud/2020-07-22/reviews.csv.gz,6693699,af80f30a531b211afd97cbd34971069238eba1e0a06f2c49f7a1cba8f6c6ccd3
data/raw/switzerland/vaud/2020-08-17/calendar.csv.gz,4342991,cf5a4e3a03e4fe224d45c3ea43350902486d9a75b8a0627206b140799f33c397
data/raw/switzerland/vaud/2020-08-17/listings.csv.gz,2498140,344688d8f1abd002c505ce3921e703f1c0deff8cc227c5c81fe06e76f738e94f
data/raw/switzerland/vaud/2020-08-17/reviews.csv.gz,6771050,1d6e97b779bfb38500bb60e198b60f0cc602e818bab86c2bd6d290c24a9a17a1
data/raw/switzerland/vaud/2020-09-07/calendar.csv.gz,4318199,ca89e328749802ec1feac63819ddfb015e6ec75614243eabb1a51b5cb826f517
data/raw/switzerland/vaud/2020-09-07/listings.csv.gz,2446567,1dcb6dd028642bbafdef74d269950d1e4318b8d9137acfa265c2f4c5e3d37109
data/raw/switzerland/vaud/2020-09-07/reviews.csv.gz,6857802,60cbeb67fac98adc1d4c0966ad35ec98a98248b94bcd89b6a599871cb0cb5fae
data/raw/switzerland/vaud/2020-10-05/calendar.csv.gz,4160089,592c54d0e8e79cb480a85ac457bdb0cfcaa60dd5ec6c0da29fde2631fea72fc7
data/raw/switzerland/vaud/2020-10-05/listings.csv.gz,2412564,b93a30a16bf08770253ce61ca1b22989483d44ea0abe0e2482afb4d8a5537e16
data/raw/switzerland/vaud/2020-10-05/reviews.csv.gz,6856162,643dd5e0c843c19e1a150569341722ebe59d5e698d1b65ed275150d287eea5ab
data/raw/switzerland/vaud/2020-11-02/calendar.csv.gz,4245201,8ce287ac2c8c28cfb7727503e3d1bc7dc91fcb3bb64a4c62fb3ef53eaea85839
data/raw/switzerland/vaud/2020-11-02/listings.csv.gz,2380363,2d1bbb7c75d6b33427e34d1ef2b57bb48985a97a53d32cc63c8c228f760a312f
data/raw/switzerland/vaud/2020-11-02/reviews.csv.gz,6814808,0cec5fd38927a5f572947c644790d849478a4d019d3dab56dd4dbba2f6dd7fa1
data/raw/switzerland/vaud/2020-12-10/calendar.csv.gz,4267916,1e55eba176911fcbf8d08cd813a13cc148b22b1acb14ba73c80b21982aed5ea2
data/raw/switzerland/vaud/2020-12-10/listings.csv.gz,2396851,534075484013fb66a915bc920bbba1ce1b1febf552b3a9fff45625a63a634c31
data/raw/switzerland/vaud/2020-12-10/reviews.csv.gz,6722580,6c9e0b1759cbb11c569ac8e1de7f24ab15827151e44104166d7a8d23d06c044c
data/raw/switzerland/vaud/2021-01-08/calendar.csv.gz,4302544,3eff132c9c214dd9005e0493d61f3f503444f8f93c25f044d7fcc7fb91603d1a
data/raw/switzerland/vaud/2021-01-08/listings.csv.gz,2437929,8e0af41dc2c4ad823b021cbe8d586d3d0b1a8c53a4209dac607b7e3dacbca295
data/raw/switzerland/vaud/2021-01-08/reviews.csv.gz,6819804,eec8f3cee7efb991419f286973f518599049a15959f31d18e6ab1584ce8fe89d
data/raw/switzerland/vaud/2021-02-04/calendar.csv.gz,4263649,7fb4f47f11c7581511a9651bb2b57954b1ab7cd846c8fb73a23e73960bddc159
data/raw/switzerland/vaud/2021-02-04/listings.csv.gz,2403460,9d9959acd831348a978e39e3402bd296764ba891dc27e03924310529a998665c
data/raw/switzerland/vaud/2021-02-04/reviews.csv.gz,6807573,788e32cb8112bbb4f6ab9f2c6035d36437267fc3b7e62c926a1f3d71f43aa56c
data/raw/switzerland/vaud/2021-03-03/calendar.csv.gz,4290574,984527bebfbc24fd02e5604ef931e7b4b23ce14410e24cc4064c49f913fbcbf8
data/raw/switzerland/vaud/2021-03-03/listings.csv.gz,2423386,6df0f29dc9c5fd2453b8281249bd91f6dd8cbdc2103f626b18805d3eaa7653b6
data/raw/switzerland/vaud/2021-03-03/reviews.csv.gz,6886397,35bdfbf191c585e29da7105324f1e93f05aa39c6459e462f06210595750d6371
data/raw/switzerland/vaud/2021-04-08/calendar.csv.gz,4392553,4d6115c4eded8ff8c6e07886efa354fc4b422ae21f8c510c6bf22fc71375ebb8
data/raw/switzerland/vaud/2021-04-08/listings.csv.gz,2472661,2b9205a66f77e5eb4efb108bce4b6fba1877e1a77a1d713afd90f482a60225f3
data/raw/switzerland/vaud/2021-04-08/reviews.csv.gz,7044337,30ae08500377d77aefc0ed877a6d9ed44cd999999c659cf3606a0c6c00ebf022
data/raw/switzerland/vaud/2021-05-08/calendar.csv.gz,4368207,d2685291aed7cf6c713f52af601532a0f21283a6adf5775e0374f76e37bc3b4a
data/raw/switzerland/vaud/2021-05-08/listings.csv.gz,2509531,6197084ba72c4513a90e8ee26823f83bbff12cf81a39a80b457c7c4bd098adf8
data/raw/switzerland/vaud/2021-05-08/reviews.csv.gz,7119711,0996af0cf0ef6788058af4084c518aa7c87d6af0021e5bfc29af2a9725b87c6b
data/raw/switzerland/vaud/2021-06-02/calendar.csv.gz,4414987,3037c61ce754bcbb6e39d4ff85391b08779ab0efb3f370f94350ac4dfb6b421c
data/raw/switzerland/vaud/2021-06-02/listings.csv.gz,2557009,c1bdf19b2e28a80767880aa24a6e68183f541fe18e8ccf629695d8096521be49
data/raw/switzerland/vaud/2021-06-02/reviews.csv.gz,7183025,41b14a77c3337fc4c4fc597006edc7b5bea7f9f8525f666f4ba2d094f6dc2eba
data/raw/switzerland/vaud/2021-07-03/calendar.csv.gz,4568963,1b1ab5d9f20216b49396234b366566539db4ee78c793436647805bae2cd4e7b0
data/raw/switzerland/vaud/2021-07-03/listings.csv.gz,2560900,38b2ed2e421693cb16c5ec2d6b868fd73d8e2f8ed2f2b300ed91cb47c5c7cfd8
data/raw/switzerland/vaud/2021-07-03/reviews.csv.gz,7370259,eb98e56e722b6e804e684e1c22e2cfd24ae2169396761e4192008172069ea800
data/raw/switzerland/vaud/2021-08-04/calendar.csv.gz,4541517,d3682423c84efaadb136ecfdeaf788e9d8a10cd0a4aea4a8b7bc92a8b95bc245
data/raw/switzerland/vaud/2021-08-04/listings.csv.gz,2538303,e31108039929724b547e6d91795a92e49b1763476b0c2d23c72faf7edc4cfcee
data/raw/switzerland/vaud/2021-08-04/reviews.csv.gz,7538475,44e38fe444d2e565cb461b6160b9940ee797a8031aa80deb07cb4a6384e3aca4
data/raw/switzerland/vaud/2021-09-02/calendar.csv.gz,4481560,93950f695045c5a07ff80370bcc72bf50621ace843510b022b855830f6024048
data/raw/switzerland/vaud/2021-09-02/listings.csv.gz,2543326,8801225c392487b361eb8e0877431e4b9fee3308144fc07588a64e8806bd6a24
data/raw/switzerland/vaud/2021-09-02/reviews.csv.gz,7734407,a2f571ebf3b4e15620f1d89faeee08505667242212160a9e2c934808809b5a7a
data/raw/switzerland/vaud/2021-10-06/calendar.csv.gz,4612979,27e261f77be22e4a4fa9816473b104b47ea64f1c37e1d3af180c32c62d557206
data/raw/switzerland/vaud/2021-10-06/listings.csv.gz,2539282,17d520968b5608195cb558a7ea0c7b08e217c52e2a1bbfa7ff3740d28826f45e
data/raw/switzerland/vaud/2021-10-06/reviews.csv.gz,7893701,27eee1eb00a2a09e40d9147b8377d458d82cf20bf946edde4f197dc76c394ac5
data/raw/switzerland/vaud/2021-11-04/calendar.csv.gz,4602209,d58744f8653dd6d295a1219823e81435e68fc8396126a7316c646f3faf72891e
data/raw/switzerland/vaud/2021-11-04/listings.csv.gz,2559228,54d338833af0570a1bc3f909f70cbe1162bbd94439bd36e4d7a2605ecfde21a8
data/raw/switzerland/vaud/2021-11-04/reviews.csv.gz,7892847,724ca0b72218ab9b1604660369ffe9a7ca8f020720db07d3d6bb908575d3f5db
data/raw/switzerland/vaud/2021-12-04/calendar.csv.gz,4671357,bd8b00182cbe6d73b3f882b3adabdae2470ee8b243df7a001caeacd14ac9b9cd
data/raw/switzerland/vaud/2021-12-04/listings.csv.gz,2568529,ccf338efb85c451679cd0be31880863803d283607e79b5b87d9df8bd412c53a7
data/raw/switzerland/vaud/2021-12-04/reviews.csv.gz,8018183,bf0868dddb484cc46aad352d01596bc29f8d516e309fa8f9f0fde70a19825678
data/raw/switzerland/vaud/2022-01-06/calendar.csv.gz,4672444,3e7c925353930a24ccca157b43789cc60eb6d07a29a8c8fa8174f68761d7b45f
data/raw/switzerland/vaud/2022-01-06/listings.csv.gz,2576956,92fee60ccd44ff1363333bdce4c9dda981433b0c8a79bdd108ee4db52b419c21
data/raw/switzerland/vaud/2022-01-06/reviews.csv.gz,8025576,be7f650fa6a30deafef365d0f82c446e2589905d6c8051469f60b892901c8ba5
data/raw/switzerland/vaud/2022-02-05/calendar.csv.gz,4619241,1a61263a7733ffff45c4c1bf71c261bd41be3a25d9e81ffe5702a0467233c043
data/raw/switzerland/vaud/2022-02-05/listings.csv.gz,2590778,807262463bd453f57645a41185b02d52fd1e28b3f48428931a1a1f8cfa594843
data/raw/switzerland/vaud/2022-02-05/reviews.csv.gz,8084590,6e913c86b3c5a8f68c3de5f6153e3d12f51ddd5b4f0670164828f1f576d461fb
data/raw/switzerland/vaud/2022-03-08/calendar.csv.gz,4567612,a6ab66486e24e125cfc9bff46696f8d1dd837f0591dc983c6d9752a19dc28259
data/raw/switzerland/vaud/2022-03-08/listings.csv.gz,2733004,77ac7cd05b91d53da1e6e5f5cabf1f2207bd67f84f3a1f7d31895d5fcdc7a50f
data/raw/switzerland/vaud/2022-03-08/reviews.csv.gz,8557742,e76f1987180884221f75bd68fd3168b3b879876fb09d2f471c5c7e4035e53854
data/raw/switzerland/vaud/2022-04-09/calendar.csv.gz,4571401,5edc96cc9a5aa6757bc269602f766fec68289c88a915046db6495df5e5590920
data/raw/switzerland/vaud/2022-04-09/listings.csv.gz,2710392,810b00e86cd9ea734b9ec274a39f9d6eea35bd990d8c2485ae2e829de89989a4
data/raw/switzerland/vaud/2022-04-09/reviews.csv.gz,8624598,b000a972806187f9c1501e83c5ce13b18deefdd04431d2517bc886163232c2f5
data/raw/switzerland/vaud/2022-05-17/calendar.csv.gz,4530608,054a4937c967da79a3a79968829edc2ffb9d7970dab70aad49be9df071f9be2a
data/raw/switzerland/vaud/2022-05-17/listings.csv.gz,2680956,712b594f1c638b36ef66acaf012164fdb01405a7a1d0dd7d0aa534e0f6ec256c
data/raw/switzerland/vaud/2022-05-17/reviews.csv.gz,8713676,53b47df6853563f26df9d773b74e11118c049a1cdd40068040ff7703e0690997
data/raw/switzerland/vaud/2022-06-03/calendar.csv.gz,4903466,1a6380c738bda2c12202accc95d1c3bb5fdea594aacc5227f0628d4129d7adbb
data/raw/switzerland/vaud/2022-06-03/listings.csv.gz,2932424,9027f8c46941619ad060925fd5296050bbdbb882507cd32f0085c6602548d228
data/raw/switzerland/vaud/2022-06-03/reviews.csv.gz,9737500,dad8c382fd1b64c0cba861de98f27472a712452e0074ea61bd0bb3a93a9b78f9
data/raw/switzerland/vaud/2022-07-07/calendar.csv.gz,5160239,dd5b9bf162aed1dfdd4a6182130cd67012621443bed8850b6ad1bea8f02dfff0
data/raw/switzerland/vaud/2022-07-07/listings.csv.gz,3048605,b192ba8a949cb69728897e38fb19ef3d5b869bb89ead62276a6fc722475d79a2
data/raw/switzerland/vaud/2022-07-07/reviews.csv.gz,9922394,0288bd8d195acca97ede4d07cdf6cb0caacd525e5507166a2d092de76a8d1efb
data/raw/switzerland/vaud/2022-08-03/calendar.csv.gz,5052273,2d84b32846211715c857d3d091867e7e6becdfe27db9e924dd21df7ddb02d51e
data/raw/switzerland/vaud/2022-08-03/listings.csv.gz,3029115,19c66c6d287e441452ed29b011f405484abc680cc2fdc00e350efec42c912d22
data/raw/switzerland/vaud/2022-08-03/reviews.csv.gz,10240086,a18f4e4cd07c39eae708e143b27c9b33da5a0281b0cd69c80905146f6eff7603
data/raw/switzerland/vaud/2022-09-07/calendar.csv.gz,5190657,aa1256bcae3add2e1c024d56863285d5fa4397f943639c2bef4fcb4b4ee0b9b8
data/raw/switzerland/vaud/2022-09-07/listings.csv.gz,3072452,291a5514a2d54ad455f759b2524458067c7f005eb7012d4e3f3b47b6f74d30dc
data/raw/switzerland/vaud/2022-09-07/reviews.csv.gz,10774363,79368b8b0962f62ae2e764f73a8524df74e1a28a7f6e52c735e776fae65574d0
data/raw/switzerland/vaud/2022-10-04/calendar.csv.gz,5255802,e7be36a602e07621e00c6fe8c5484c0421fcb279264a597eaf7ad33ee368ec5f
data/raw/switzerland/vaud/2022-10-04/listings.csv.gz,3092428,c5dc4969f99ff8f4c24323395f89e384895933b1cbdf44a01cff8763a3dc282a
data/raw/switzerland/vaud/2022-10-04/reviews.csv.gz,10991780,902badd4bd496a3df77251300bc54a49a72d3675c0af7798101337e93f98642c
data/raw/switzerland/vaud/2022-11-02/calendar.csv.gz,4742879,0ee79a1906a7990e8cf8286c56e02286a30ec18b1691c9d3a8402898afcc4c52
data/raw/switzerland/vaud/2022-11-02/listings.csv.gz,2747330,fb6c2c1b053a08f9dfac355603a601f68bf402d7a827d2d1b18070f332fd920b
data/raw/switzerland/vaud/2022-11-02/reviews.csv.gz,9672350,c8330d987ccaac9646dd360d8a837e5d36970cc9cdb07e1342a190b6fbacacbe
data/raw/switzerland/vaud/2022-12-04/calendar.csv.gz,4874925,926ad739863020dd820dc089edbb3a8040af3b639be096fa87a63b8e08e12c8e
data/raw/switzerland/vaud/2022-12-04/listings.csv.gz,2804139,83e3e4f239c0109989510c272b9ba874a4e9536ca140a9af71addc0e1369a54d
data/raw/switzerland/vaud/2022-12-04/reviews.csv.gz,9664226,6562797d5cabd9d53175999caec58219221d606e8ee6c46ea69b198c347188d9
data/raw/switzerland/vaud/2023-01-04/calendar.csv.gz,4944874,5f8381ecff1fbe71b5c439949ce6b5d25584b989b1abe3a233635ad1e1815d94
data/raw/switzerland/vaud/2023-01-04/listings.csv.gz,2898606,dd5021455451c434e6113ffb3121950478cf71355feb322d0c001003b6179602
data/raw/switzerland/vaud/2023-01-04/reviews.csv.gz,9747194,b25ca422f9bb6e886acc192960127580fb2fe243503a9f550a2556626a78da0e
data/raw/switzerland/vaud/2023-02-05/calendar.csv.gz,4916240,fb48cacebcdabf2bfcfd0762f25bf90da3ea2b6bcb6a4d6228c01d5b0816c5c5
data/raw/switzerland/vaud/2023-02-05/listings.csv.gz,2888685,f987acba68d713ac9aa448d33914d9d520f6670df0f68e2257e3006727448fd8
data/raw/switzerland/vaud/2023-02-05/reviews.csv.gz,9942885,65c1b58dee70b96823e9006a7c64da2280b399ce6a24f3413d7b24eb34eeebde
data/raw/switzerland/vaud/2023-03-07/calendar.csv.gz,4884855,ad072621d5627367905bbe605103e13d54b2af3ffe285e241f4a87161d0ff807
data/raw/switzerland/vaud/2023-03-07/listings.csv.gz,2831326,425756d25ca094dd02660d85e37c3977fa9cacc0e7bca08900eddc5a57ab6a0e
data/raw/switzerland/vaud/2023-03-07/reviews.csv.gz,10038409,269a06af5ed451fc784db6406a53e26f5959d192322614b50e50db4a2a73b636
data/raw/switzerland/vaud/2023-04-05/calendar.csv.gz,4607976,46dd8c2f3cd3c5043e2a06d80d9e35ce8f90f6d8658696738ce6c593b43c8670
data/raw/switzerland/vaud/2023-04-05/listings.csv.gz,2704944,a6e4f8d94b3e63eed250560459f2c39e12a665f9bfd8742db5db6abd171476a2
data/raw/switzerland/vaud/2023-04-05/reviews.csv.gz,9295106,13cc04c1377b7012825e5cbef2b7557fa60f2d749734e717d45a53dda6e7a24d
data/raw/switzerland/vaud/2023-05-03/calendar.csv.gz,4922378,988afe3ac58122e29301cfac1262e8cf1548de447e243696f7eb9724a6eb7239
data/raw/switzerland/vaud/2023-05-03/listings.csv.gz,2946318,947e0aea77fb9159e46656541d7e176293f6c9842f26aacb92e212f49561cb47
data/raw/switzerland/vaud/2023-05-03/reviews.csv.gz,10238299,67e290bb66a485fc0ec05e997a8f66a8096eb5c43f8ac60fbf8c08866ec747b6
data/raw/switzerland/vaud/2023-06-05/calendar.csv.gz,4995931,25d9ce40753cf05edba6ae3d63e3e165ff957aee04f6952c3749dc2a0d3aca08
data/raw/switzerland/vaud/2023-06-05/listings.csv.gz,2910747,76e9533dd6826f5826b868232207453d58dd5b74d3487a5bdfa262f2ac87a495
data/raw/switzerland/vaud/2023-06-05/reviews.csv.gz,10432404,f4e5143a4726fb7d927af1f20ebf5c08f69f0beed0a6beaf6106424e01e31e45
data/raw/switzerland/vaud/2023-07-03/calendar.csv.gz,5079806,9fd4860f8c7173f9a501e15190f8f7fa3f61c06cacf9b92597e85170ca54e483
data/raw/switzerland/vaud/2023-07-03/listings.csv.gz,2689176,78ed8583b050ec1c8d7fc69b2a08f8f072fabbf9f4dfebeede6354ba1bfbced7
data/raw/switzerland/vaud/2023-07-03/reviews.csv.gz,10607770,8d7dd35de763e77e177c830d824bf35afc9176ec8c299ba547866248c191b5f7
data/raw/switzerland/vaud/2023-08-03/calendar.csv.gz,5125215,148d17b68877a4be866e5740105cbb8fd124ea8b741adde0529071cfa0984aa7
data/raw/switzerland/vaud/2023-08-03/listings.csv.gz,3033885,868c22afa417970b27c2077c59a941245623f42bedaac676edc799ae08cfe176
data/raw/switzerland/vaud/2023-08-03/reviews.csv.gz,10890217,b0b09735aa3d886a6e410d431af618cb171ab87692f80466f2213d7ad96b8b1f
data/raw/switzerland/vaud/2023-09-02/calendar.csv.gz,5150043,ce123872f42a6d3848790098c16f5291e31da29dfdf2146366b35017db40803e
data/raw/switzerland/vaud/2023-09-02/listings.csv.gz,3006972,81064d4583fdde10d5dd7707f635a5c68616de22e8e8dbca5f39da1f29c7751e
data/raw/switzerland/vaud/2023-09-02/reviews.csv.gz,11214760,1f4761c4bc21d693f05b8a7fa27f3f6ea752521b8180dd3c85be245e3bc6777a
data/raw/switzerland/vaud/2023-10-01/calendar.csv.gz,5125828,ce3621cb83741482865f363ab48e6b6175b98e89ff14360cfff12492d36d28ea
data/raw/switzerland/vaud/2023-10-01/listings.csv.gz,2718470,fee86625de2d03a4d80efac0dde5670af9bc22a4b578e8818023140f1c7c50aa
data/raw/switzerland/vaud/2023-10-01/reviews.csv.gz,11397391,218113c68c59a18c94df31090525a17768552755a7ae4fc118bf83b8df3c7e0a
data/raw/switzerland/vaud/2023-11-01/calendar.csv.gz,4306956,d8c3482a08a99230a5122881db05716c83743d6552b458df0d093665b333704a
data/raw/switzerland/vaud/2023-11-01/listings.csv.gz,3002466,b036aa272c28cccf18eb3d7ce30c1d461b239248d3a17bbc12cbdb9a94f0b9bc
data/raw/switzerland/vaud/2023-11-01/reviews.csv.gz,11451027,ca03177e07b01531e6ed66f7a181bab14c4855e09c738d053efa5eddba3f61d2
data/raw/switzerland/vaud/2023-12-02/calendar.csv.gz,4444169,06e7244b1800a035d7dbe0ecd50ff3ab9d9cc5ea0c10fff719eb707452d6dc10
data/raw/switzerland/vaud/2023-12-02/listings.csv.gz,1790458,8b5e898c0229edbdd51ca06f20796c60a127ece7ae057eedf9c432afc9192135
data/raw/switzerland/vaud/2023-12-02/reviews.csv.gz,11453350,694def94a92ece4ab86d5beb1d5552b5ca7f61fce4be148623052f47102eb555
data/raw/switzerland/vaud/2024-01-05/calendar.csv.gz,4830266,7843403daea0ac8838722438cf7c981c8d910231b06d563f9e82e052ef213285
data/raw/switzerland/vaud/2024-01-05/listings.csv.gz,1411171,1239a69fde8e915f902f2de4c6cb984622213ad19b10eb88bbc07bc1660305b9
data/raw/switzerland/vaud/2024-01-05/reviews.csv.gz,11509316,d2d5e17cc26a3b2d7026b33980b15b88bede6ae0ee5685ad38c6170c6f125d70
data/raw/switzerland/vaud/2024-02-12/calendar.csv.gz,4748784,de88374723ef831c81429aa61a36068fc0711fb914fd3443c21f35039dbaf588
data/raw/switzerland/vaud/2024-02-12/listings.csv.gz,2464640,d5bee1ea2dfb498930a12353682deda455e9f0a2766d52f462e8645b8224ea72
data/raw/switzerland/vaud/2024-02-12/reviews.csv.gz,11555524,4436cccfb28d47e9c30a40e99f8c8785e06de2f4aabd234be97b69121424a74d
data/raw/switzerland/vaud/2024-03-10/calendar.csv.gz,4770386,cdb110a4180fd865ff3343a04078672e9b4f66c0bd8563af442c37407e4a23fc
data/raw/switzerland/vaud/2024-03-10/listings.csv.gz,2526395,4662d4747e278e1b0d2924288c2699adb4c438cc3e3f5b30010078dc482fb2bf
data/raw/switzerland/vaud/2024-03-10/reviews.csv.gz,11586193,834fa38adb25b183fa8b6aca3f4156ca0297ac9eb525c3b7ac73297c4dd42741
data/raw/switzerland/vaud/2024-04-06/calendar.csv.gz,4701922,11a7d41a647f158bece2c9d828a84b303fc39a4d5a6e37b98c9938bd4742382b
data/raw/switzerland/vaud/2024-04-06/listings.csv.gz,2527542,cf9f19eac5fc0eebe7de109f6ad6f93675df23b74a08d567e74b73e2507a22f1
data/raw/switzerland/vaud/2024-04-06/reviews.csv.gz,11715819,0c66bb40a959360d6ac3f69d79a9c8b77561fb8eaa8b440217e0412dd41fbc47
data/raw/switzerland/vaud/2024-05-03/calendar.csv.gz,4734916,fcbfb2b4f502372bbf3b7af45e323ecbf7920a583182107f5c11768619c9950f
data/raw/switzerland/vaud/2024-05-03/listings.csv.gz,2522052,ba6749d3984819869ebda3cf15b217e21c89d2cd4a956b12ec8fed5aece6b97d
data/raw/switzerland/vaud/2024-05-03/reviews.csv.gz,11786194,ee207ab550ada304f33d62042c791a63963e44e76f405b09089f365d043dbdc7
data/raw/switzerland/vaud/2024-06-04/calendar.csv.gz,4786502,4f457481781dca44fcad24884523de13bc45622fed049ca217f385902a7f9ddb
data/raw/switzerland/vaud/2024-06-04/listings.csv.gz,2527404,9eb10b77fff5e09b37d7055bdbd4ca91eb5201574c4f6504639431519495107e
data/raw/switzerland/vaud/2024-06-04/reviews.csv.gz,12017752,2a7748a4afc5825917b8fe36a808ac3cdbc23df8fee1ac0db8243d2989f7b25f
data/raw/switzerland/vaud/2024-07-14/calendar.csv.gz,4918750,c7e54a2d686ad29539323fbf85de27123584a38ead1ae3f16c113750191faf9a
data/raw/switzerland/vaud/2024-07-14/listings.csv.gz,2656554,960a35bea26991240bea3c7d9cfbd4721850456153157245cdce094d795677ba
data/raw/switzerland/vaud/2024-07-14/reviews.csv.gz,12531224,57039426232aa6327ca834ceed3cd86dbc1ba2a11918ecb7980dcb4753269952
data/raw/switzerland/vaud/2024-08-25/calendar.csv.gz,4953086,a93bede9168715911764a98b4f305d83ad0062b14ce37cf27227c6363e0a9173
data/raw/switzerland/vaud/2024-08-25/listings.csv.gz,2598058,7cb1b6be5aa398767cdc0ddb8ca8c57f8b5f91fd59846baed008c0a44da33cb7
data/raw/switzerland/vaud/2024-08-25/reviews.csv.gz,12987331,a8f1cd5e1bb5b2ab5517f89603ae514cc0e95b70ecfa3d322657e3cee5b57c66
data/raw/switzerland/vaud/2024-09-17/calendar.csv.gz,4943078,c314167071613e0e6622891c9e59d2138f4ec64266151fc8057c99f49fff36da
data/raw/switzerland/vaud/2024-09-17/listings.csv.gz,2557068,a48ed40977cac3178fb379a40cb9612323152c0dcc42a7cc6e46d9e9815f1823
data/raw/switzerland/vaud/2024-09-17/reviews.csv.gz,13124980,9d2a5be166ec710f6eef81dc591c010263e811588f948bb1ce55a76e612079b2
data/raw/switzerland/vaud/2024-10-27/calendar.csv.gz,5075197,67145f6c159ddb24526f992b40417195fb049d9793e709c48d838b75d69af312
data/raw/switzerland/vaud/2024-10-27/listings.csv.gz,2535651,77bd9a2ad4e4bcb445fc5815a7fa471b833f9b8929cc786c6e8a9b07bcec5936
data/raw/switzerland/vaud/2024-10-27/reviews.csv.gz,13169284,a817171e94f085b83097351ab68d511e8316faf69495cfe627b653ec505a4d73
data/raw/switzerland/vaud/2024-11-20/calendar.csv.gz,5012942,eac525caed40f1bd4c422b02064ab59a3e87e4d436460978f674494492909895
data/raw/switzerland/vaud/2024-11-20/listings.csv.gz,2543581,69c95f214c3e97a86bf46be2bc3df8e77ba608acbb941b449e527b6cf1fbcb31
data/raw/switzerland/vaud/2024-11-20/reviews.csv.gz,13260004,eefeeb266352379daa7300747acbdfae54bd449b57c9dcf6206fb6a18d3f9402
data/raw/switzerland/vaud/2024-12-29/calendar.csv.gz,5121895,c2875e899ab4a5fe93c19438b317d400f58a26f2cff52affb47236eba8c18f8e
data/raw/switzerland/vaud/2024-12-29/listings.csv.gz,2543404,c0227713ec597655c809d9b69507fd412850bc8e17d831699b4fe0612a611e92
data/raw/switzerland/vaud/2024-12-29/reviews.csv.gz,13326139,8384603ee98b393f048036936eebe949a601c322e23ed94630a16be9b06ed9e2
data/raw/switzerland/vaud/2025-01-26/calendar.csv.gz,5260165,bd38fa757b0d52725d70821d92aa050d4a888f06b48a4e7a5433e1a2d9bfd2cc
data/raw/switzerland/vaud/2025-01-26/listings.csv.gz,2593769,9b940d51a231b4c61595ed9e965c5f1cb708b0229f6b045004339cdce780f552
data/raw/switzerland/vaud/2025-01-26/reviews.csv.gz,13521128,bdf63f10cf17e56e60da94856021e6195c89093aecbebb0285abfca021dc89dd
data/raw/switzerland/vaud/2025-02-06/calendar.csv.gz,5107063,103db33bad07e9069bf31a08d1ed2453eb9364b2f94d12ae9bfa24c1a0f39b6d
data/raw/switzerland/vaud/2025-02-06/listings.csv.gz,2621946,aacc91be92a616e18590935dd7bce2363e79b37bf46b3b8d0c6562b35faf2d0b
data/raw/switzerland/vaud/2025-02-06/reviews.csv.gz,13550741,4e60233225d4136108d6b87898c48fff9920e96e67bc0976acf0c677fc157b6f
data/raw/switzerland/vaud/2025-03-01/calendar.csv.gz,4994824,16afcd12fd8c341b2c4d6f4b19ce6c6a7d55858a4b0ce6379111f27852d0dba0
data/raw/switzerland/vaud/2025-03-01/listings.csv.gz,2607209,c27e5fb02dc5e9248af82688b5db5dd5a4ca0fcdd9c3f9a0ef234f06d2a1e747
data/raw/switzerland/vaud/2025-03-01/reviews.csv.gz,13602616,c4534c12ce570890700f6573bc983ed737870cba542e0c4be7fdc20d5ed8fd2a
data/raw/switzerland/vaud/2025-04-03/calendar.csv.gz,4995261,03450337fd2959a8aa98c0abf091143eb4539dd1f925ddb899c250af263bb2e8
data/raw/switzerland/vaud/2025-04-03/listings.csv.gz,2618458,c5cb8132d4efdf1c6cda9d8849b3d9eb0d29ac83b467169c9d7c351aafc694cb
data/raw/switzerland/vaud/2025-04-03/reviews.csv.gz,13664611,34a23962d8ecdddc701dc72022d6488a485d07f0f2777243c20c81f87e2c6891
data/raw/switzerland/vaud/2025-05-02/calendar.csv.gz,5023091,838cad64833be79f5412e7a8fb2fa3fcd4394b911878db336cfc82a33c85771e
data/raw/switzerland/vaud/2025-05-02/listings.csv.gz,2628085,cc65ab6698d0c14da0d3e3f4e682cddd59b2be121c01791c25e5617687224ff3
data/raw/switzerland/vaud/2025-05-02/reviews.csv.gz,13838631,5fa6d61a2d96a7535d7f225da7d9c8ff079157d597c2e6f66e864262afc1bc41
data/raw/switzerland/vaud/2025-06-06/calendar.csv.gz,93,548c3328a2cd545f7fdb9871313dba20efc89b714f592ffafdb1d73cfa1c77d1
data/raw/switzerland/vaud/2025-06-06/listings.csv.gz,2654115,5acd97fd207bccf56220c60db665d7fd26446cf61764eeea21b4302d0be0a59c
data/raw/switzerland/vaud/2025-06-06/reviews.csv.gz,14055721,0fba50ce37ae77d252e9798b03df486c830da5d2d3877aacae43e7ed8e40a121
data/raw/switzerland/vaud/2025-07-04/calendar.csv.gz,4774693,6989b6fd84da210e1ab622cbe1fa4bd6329bb0474785173c14c7340c276d2591
data/raw/switzerland/vaud/2025-07-04/listings.csv.gz,2675300,32e67e0ae79211c7e52448b799b728879f776254254600300159a35c2aab8370
data/raw/switzerland/vaud/2025-07-04/reviews.csv.gz,14204665,336b6e0b3401f369415958e85ac3c3c6d1a5af3936e0756b7abcddf6c8d232f7
data/raw/switzerland/vaud/2025-08-03/calendar.csv.gz,4796188,4eca243089c29023ec4433008a58eb31bc950b604303df0c28d641d799b59da6
data/raw/switzerland/vaud/2025-08-03/listings.csv.gz,2696203,60e68004f14a87437a37519d7bb1f11f7edcb17606162f0f096947f2b9320cfc
data/raw/switzerland/vaud/2025-08-03/reviews.csv.gz,14643118,9d6b028be9209f80f4b8748ecf36e9d585c94a391fad562dc72a5b080940598f
data/raw/switzerland/vaud/2025-09-06/calendar.csv.gz,4688949,f930b44f6b4a8fef7d89cecc916ec2bc1df44909d8db9caf7499d63b6db5c58a
data/raw/switzerland/vaud/2025-09-06/listings.csv.gz,2637631,a44b6e53b8fefb834ebbd020025897bb1f38ad0b6b5f69223afad5fdf1d247ed
data/raw/switzerland/vaud/2025-09-06/reviews.csv.gz,14836488,370a677fd5d60f1154217fa855befbeedc58101e549512614e6076e4028497d9
data/raw/switzerland/vaud/2025-10-05/calendar.csv.gz,4664675,b718b41848a1f2de9a6e7b9b0c4c8f4e593c8a07a2020ea341d656e96bf10fe0
data/raw/switzerland/vaud/2025-10-05/listings.csv.gz,2592843,f2c70b604fc5ed910feb5855bfd78e24459cc96f1cd60defcd1587a06df12a06
data/raw/switzerland/vaud/2025-10-05/reviews.csv.gz,14844580,32711f0fb9b6314d93552f0bea89ca951ed8bd50796f3604845e5cc4ce779f8a
data/raw/switzerland/vaud/2025-11-01/calendar.csv.gz,4650594,cb52175e6d8719964a9118a0da7f7cf9763ceb89398752f11ca84d987ce08831
data/raw/switzerland/vaud/2025-11-01/listings.csv.gz,2595689,0ba926d17579320fdaf44df3f9132b830dc10b0416a50ba0f21b2ab2dcfd3dcf
data/raw/switzerland/vaud/2025-11-01/reviews.csv.gz,14968746,c8d501d87920d096264c3f7e90a4a16ef9e520706e65e21dca04913a7bac7b22
data/raw/switzerland/vaud/2025-12-11/calendar.csv.gz,4790527,0cde334b13fcb759692c3811c60a22130f6a96d91c8b929355ce50fcd84d6ae4
data/raw/switzerland/vaud/2025-12-11/listings.csv.gz,2469320,91cb9ac6448146392c8cdedad08cb1998c884096ce3f225d165c17d8d4f0bc71
data/raw/switzerland/vaud/2025-12-11/reviews.csv.gz,15002456,be5e3ad497e510c5c5ebbaefb550e2a24030a0c556d6fe92f4018ba221a76098
data/raw/switzerland/vaud/2026-01-15/calendar.csv.gz,3410441,cfe4d6bcb4582ecb5b1a2622226d816bc1cf964c88c0c1c5851e3f53fae6f48f
data/raw/switzerland/vaud/2026-01-15/listings.csv.gz,1712564,e7f5253cadb1ad0c5928d2a6c45cbbcea4e665da8b8b45d2cbf997d754fed4f4
data/raw/switzerland/vaud/2026-01-15/reviews.csv.gz,12993174,5c7e3252ecce35f9f42df1b5eaf3a10088986ba96e66d696d6ab37107152a1f3
data/raw/switzerland/vaud/2026-02-13/calendar.csv.gz,4760655,2b83407edfc94b62fe2ccd91b8e8377a622326440ad724675dea600fde2cae61
data/raw/switzerland/vaud/2026-02-13/listings.csv.gz,2364186,9a0bd74428c2c19d8734da16d4428497ff93c239b7f4369107257b0a26756df1
data/raw/switzerland/vaud/2026-02-13/reviews.csv.gz,15141490,40851cc34bbdbad0b828ed7c5bada4f76725666fce61f3f91e4707cf0d10b8bf
data/raw/switzerland/vaud/2026-03-16/calendar.csv.gz,4732486,20d4fa8edee943186fa443fae44e134012fdf04c638fd243d465bdc895002ac0
data/raw/switzerland/vaud/2026-03-16/listings.csv.gz,2773363,ed9bf51e477b7eb1a80d352f75fa79f891907fc3e0c8b4bc3a91458bcf607ff5
data/raw/switzerland/vaud/2026-03-16/reviews.csv.gz,15124268,d23b431a2e178991b05b2e8e527e117c6787da5275b14a200d6032dfb28e99d6
data/raw/switzerland/vaud/2026-04-14/calendar.csv.gz,4681170,4fbbf0e920eff6d4ccabceef78b036e50b140faee074d5ac4e54c01282241a6b
data/raw/switzerland/vaud/2026-04-14/listings.csv.gz,2720471,9e133e7e929d2e74cca9fc74c166b2a9b23fc9bc991c227d98f50b35498686bd
data/raw/switzerland/vaud/2026-04-14/reviews.csv.gz,15058187,3f7b6014ef31c5ae183faf5b35e19c524052b011c7672df4514da5e725f4bd43
data/raw/switzerland/vaud/2026-05-23/calendar.csv.gz,4552522,a2aec7accebfb48ea43027a9386cbada11605d90029478706a5a3cb273cce381
data/raw/switzerland/vaud/2026-05-23/listings.csv.gz,2679781,d9c4aec7e55b167fc797739f3b051a3a4a1ec89e6e179425a0619bb33b0648dc
data/raw/switzerland/vaud/2026-05-23/reviews.csv.gz,15108632,36a3186278d08b60ab5285fad8d9a6f17aad98dc80e543d94204fbcaece8ea2d
data/raw/switzerland/vaud/2026-06-15/calendar.csv.gz,4575235,a0d68a8d4cff2ddabbb94328f9682ce1be2de554ffcdef03171cd7925c38dcd3
data/raw/switzerland/vaud/2026-06-15/listings.csv.gz,2723660,210afff8602d65ecab21379211b0394581db5bb720a29a9dc936974cadc60ed8
data/raw/switzerland/vaud/2026-06-15/reviews.csv.gz,15239348,6c217fd8bb5598c1f33a7d41b019cf70a907064f54b18951e7778cc8863b853b
data/raw/switzerland/vaud/2026-07-12/calendar.csv.gz,4641626,d2e563318f86124f8ffb1967de5faf2ddcd86f5fa2c78c7926ba6bbdc87e8245
data/raw/switzerland/vaud/2026-07-12/listings.csv.gz,2783358,a548ee9547a7ff62a6bfe0f6630a03b9601720411548bb44be8d3c0e36e800e5
data/raw/switzerland/vaud/2026-07-12/reviews.csv.gz,15474725,34a26dfab8172c58ef3fa023937bbe916a0366f63378cff487dacb12374a2320
data/raw/switzerland/vaud/2026-08-10/calendar.csv.gz,4555216,35c192bc2b56beae718793561009e0416a72d52fdc5e9245b0d928339c847380
data/raw/switzerland/vaud/2026-08-10/listings.csv.gz,2755548,d28b563c2b23c6aa07d458c277a13f406a3d47cd979e2ddd406fc760a6406f72
data/raw/switzerland/vaud/2026-08-10/reviews.csv.gz,15323588,8bc92117e9a210b4c45e4b3778b06007a880937642317a1aeeb123f7801f314f
data/raw/switzerland/zurich/2025-09-29/calendar.csv.gz,2926028,1d05ed18dd717649faf57d1e825d7acc7e1c8c3b003903a01f96d0fe5e2e6705
data/raw/switzerland/zurich/2025-09-29/listings.csv.gz,1608010,03c603d5823c43053d6422ab9afe86ae92c556455f9da235465dec1c602c7fcd
data/raw/switzerland/zurich/2025-09-29/reviews.csv.gz,12378522,45a9f191e31cb56e81dcba5f68943b9db3a12a0789fb2d8d2dd53e30520e1055
data/raw/switzerland/zurich/2025-12-29/calendar.csv.gz,2451530,84d77a3dc756d7d8e2dbd7b8c9c932e6a09649f59459d13f97baae426c508f71
data/raw/switzerland/zurich/2025-12-29/listings.csv.gz,1110580,2b4fd812bc36ac062abd03d94a90db0e9a898a13a3d7eede746f69c323cb82a2
data/raw/switzerland/zurich/2025-12-29/reviews.csv.gz,11374926,475af410be715c4c4c77ca9f098680966223af4a99dde0b73c805216f1ee0cf5
data/raw/switzerland/zurich/2026-03-30/calendar.csv.gz,1594386,3f570b7bfc654a8e7f5781d328d2a6d5349ec3f82bf1aeb1e036b07a93771e1a
data/raw/switzerland/zurich/2026-03-30/listings.csv.gz,950105,508f73313c45ffd32d58739650c1c31ae4c2b4d0a3725a533d1ec71ad01c3404
data/raw/switzerland/zurich/2026-03-30/reviews.csv.gz,9983795,e9668fe8a8c11b20bff849143ce9b325ca51b25f01233856184b35a6efa3912e
data/raw/switzerland/zurich/2026-06-30/calendar.csv.gz,2834145,c3bf2388362a75aad032e990001472a285573d55fa203ddc1adde1d966871adb
data/raw/switzerland/zurich/2026-06-30/listings.csv.gz,1649553,beb797093a197e9af12d256ae5991e2aa3832a30a88767dc2e2187b26de650f0
data/raw/switzerland/zurich/2026-06-30/reviews.csv.gz,13639826,e2fb1dc43dd870aad046c85428cccba6dbcc092874b332faadc5864217282246
data/raw/taiwan/taipei/2025-09-30/calendar.csv.gz,5386764,59f1f2b05922486c79bad064fabe209c00ee44e8af434776ee24219f5a28a727
data/raw/taiwan/taipei/2025-09-30/listings.csv.gz,3692960,eec68bb06e6179e268975f3a97cfb4c404edb0a3df80e0e3ab691ffac7dca892
data/raw/taiwan/taipei/2025-09-30/reviews.csv.gz,26341327,8eb4d5c719be4ef4b8d9177e8da87de1680232d018ca5f57917c0331b3868b20
data/raw/taiwan/taipei/2025-12-31/calendar.csv.gz,4915284,4a5aa5cb7dc3bea5b990dc0313557150c10b8a328129627e6b87125a7516d2b3
data/raw/taiwan/taipei/2025-12-31/listings.csv.gz,3054818,744753232d7f3cefe6b30ee539528cac076b653274cf63402d7ee299afa9738e
data/raw/taiwan/taipei/2025-12-31/reviews.csv.gz,26328952,0f577218de2a04cd6bb3a4bf6fb7180f7d266fb9ffb66289270e867063f739c1
data/raw/taiwan/taipei/2026-03-31/calendar.csv.gz,3494668,1c5a864494c34108572cdaa2257404d392607b88fdf5027fd66a00b4ac0a2804
data/raw/taiwan/taipei/2026-03-31/listings.csv.gz,2697821,e22381d22cad05977d5a43fea09e7fee40c3f35b2a6e83907998c890c3b5fa2b
data/raw/taiwan/taipei/2026-03-31/reviews.csv.gz,23216820,5d866507bbeccc187e98d8cd5112e6bd51cabd1e33ac724a20b2d5404e6a943b
data/raw/taiwan/taipei/2026-06-30/calendar.csv.gz,5485614,62d8b4a2f753fa9025f2ce3436d4449284b8ff878f67e25b72243a7138da9bb3
data/raw/taiwan/taipei/2026-06-30/listings.csv.gz,4220437,db99ef29e91f6eed6c233e1cdd38cf5ffc522a6bb6d567a855f5bb665aaf548e
data/raw/taiwan/taipei/2026-06-30/reviews.csv.gz,30565339,38ed6b74202f586b104365e81aa61b8c3fff4f5abb98b18517f0ac336e80c712
data/raw/thailand/bangkok/2025-09-26/calendar.csv.gz,25037176,e25aad26b3d212f4e1a5ea8d0f0014b0674b4457d4c691227f2c92d68b582591
data/raw/thailand/bangkok/2025-09-26/listings.csv.gz,14878735,66ca269c9819b900db621334a0b62a4cd678fb85a243eb09e2d88b16744bebf5
data/raw/thailand/bangkok/2025-09-26/reviews.csv.gz,74925750,b826806cc31fcd2bc1dbf7e26aee240a92845538f8571981c11b56ca07496ed4
data/raw/thailand/bangkok/2025-12-28/calendar.csv.gz,25993407,604b44651a94620f2d76797a6f92b6c2963471e5d73a76400e224676e9b83e57
data/raw/thailand/bangkok/2025-12-28/listings.csv.gz,15782038,1d8481fa381fdf330be7252a698d1a6bd83d77795788b75552b0abbbf4b82232
data/raw/thailand/bangkok/2025-12-28/reviews.csv.gz,79002150,d26649e19661af11119475a32bcc4162c205d827e6b37d55738a95919460ea49
data/raw/thailand/bangkok/2026-03-30/calendar.csv.gz,13772435,e34e86eb526762d952d1d58c3f8d491ce24ed6c88ce2633c66213938cacff280
data/raw/thailand/bangkok/2026-03-30/listings.csv.gz,9273634,3f7ceef47a2d094dbc5eb0b4ce1ee4331253fc75b67584574c7cdbfbacd84c93
data/raw/thailand/bangkok/2026-03-30/reviews.csv.gz,62130663,6791af369bc5fae884a75a30f15087b573a5432073bf30bf26cf22976fabff22
data/raw/thailand/bangkok/2026-06-29/calendar.csv.gz,25955190,6f16562db6c963f495c75d0b1183e5fc44ca3fcf5294d539f3eda7a731bff07b
data/raw/thailand/bangkok/2026-06-29/listings.csv.gz,20625983,b17b99f9c421c566cc26a1c89a0b3d16b4c7f3dc74e659141900ccbac316b20e
data/raw/thailand/bangkok/2026-06-29/reviews.csv.gz,88776534,e44dfe11c9311268491740cad5559e82922b60986a1a31e410b6158e68071c5e
data/raw/the-netherlands/amsterdam/2025-09-11/calendar.csv.gz,8792865,38a87cc432b35a2e99c8d43b92e0d0ca346c083b99e16b785287819d3e372100
data/raw/the-netherlands/amsterdam/2025-09-11/listings.csv.gz,5926208,84574484ee5750890f8c17cd586521461bece6005adcfb6feae9a0a61e337696
data/raw/the-netherlands/amsterdam/2025-09-11/reviews.csv.gz,61809549,a9f0013e26d8bee4b90d0c2a6e91a4e9d65b435e62b68dfcf03c84339ba86e9d
data/raw/the-netherlands/amsterdam/2025-12-12/calendar.csv.gz,9613458,94f934b4a7594184cec0e39c455f6c198810d1537470cb6d4367746cc63de0a3
data/raw/the-netherlands/amsterdam/2025-12-12/listings.csv.gz,5423555,77a69068a7ded42bbb6a5a856e5ef9ffe807b31a5aabe92a9172838938326aa0
data/raw/the-netherlands/amsterdam/2025-12-12/reviews.csv.gz,63834411,f745f0c6f02acfb4455de5c2afa892f38de140320e2b56b7de23627b3d1afca4
data/raw/the-netherlands/amsterdam/2026-03-19/calendar.csv.gz,5680202,3c938ff2fbd80a0920ae8b1c3260d7ed5f7841ac475f7e6be0618aeb6e4faa55
data/raw/the-netherlands/amsterdam/2026-03-19/listings.csv.gz,3733403,fad074e51a3434226d4399c6e8b6369ba002aac89c01372a17b9f533698b8fe7
data/raw/the-netherlands/amsterdam/2026-03-19/reviews.csv.gz,53349311,937831fcdd0de5aee44131296b30c643cad6a6887d0615d0a0db84417b046048
data/raw/the-netherlands/amsterdam/2026-06-15/calendar.csv.gz,8982993,377bc380b531c00767eebe8eed4f70413248097799e3cc189d897329a0b2aa73
data/raw/the-netherlands/amsterdam/2026-06-15/listings.csv.gz,5759896,e67b01d8b46e04f8ea85cd401dc6deeadef3b482fccf39e0388020d63c394062
data/raw/the-netherlands/amsterdam/2026-06-15/reviews.csv.gz,66560014,c33cbcc3df12c6fa0bd2940cfddddc7daf75a0de4128070a2621458f2d021aa2
data/raw/the-netherlands/rotterdam/2025-09-25/calendar.csv.gz,1159246,a5bdfd87e6bdc54870afcd9539e664cb9cb0f815994d9c97fbe2134f1c3fe237
data/raw/the-netherlands/rotterdam/2025-09-25/listings.csv.gz,698759,0ed569814aa66d0592c5e4f830133105a40385c3d21dff5a350fe7af136e8dd0
data/raw/the-netherlands/rotterdam/2025-09-25/reviews.csv.gz,7158732,6ddf89c614a666f61c042c2b9797064f70bd3efebf7fb7b7de1b354e58a4cc21
data/raw/the-netherlands/rotterdam/2025-12-28/calendar.csv.gz,1197072,5ba388c324999c0133bd7ec8cc7827927b3a241adda09ebb5d471a2f95b48b35
data/raw/the-netherlands/rotterdam/2025-12-28/listings.csv.gz,633780,ec46e52ada45fda2b14931a6671f048a1afa0c237fa5deae060e83e3e37adbfc
data/raw/the-netherlands/rotterdam/2025-12-28/reviews.csv.gz,7234680,c4f6308ae41bd2ed084ab87501c674654ccc79ef1f766bee6343c95ca634f87f
data/raw/the-netherlands/rotterdam/2026-03-29/calendar.csv.gz,657804,58cb469aafa1ed750fc18d78c5254fb301371704a6bb3ab11d1d6b1afdbf5d22
data/raw/the-netherlands/rotterdam/2026-03-29/listings.csv.gz,428428,44343456c0270f072d7ed9041cfabb45cbd572aa6dd75b7255669e3650ae907b
data/raw/the-netherlands/rotterdam/2026-03-29/reviews.csv.gz,5488227,5d40dca837096e61eff8b303242b428ea24646e221bccffcf24366fd2c719084
data/raw/the-netherlands/rotterdam/2026-06-28/calendar.csv.gz,1191466,f3c8ea7ba6726af159dfb5caafb8ae403dce054671f0866e357715430c677817
data/raw/the-netherlands/rotterdam/2026-06-28/listings.csv.gz,755228,29609b1c8337a39c3a8a0c89684665181ed8e1b90627e5f11376471c825b2cd2
data/raw/the-netherlands/rotterdam/2026-06-28/reviews.csv.gz,7663535,782bebe61380cb79aab6fcb05194540d4db46bfe568d27857aac656583cf1bf0
data/raw/the-netherlands/the-hague/2025-09-25/calendar.csv.gz,1270276,74b79fc6ece5c0681c308dbd51c1e4ab73189a684f0da1ae41ff938ddf0e2e9e
data/raw/the-netherlands/the-hague/2025-09-25/listings.csv.gz,768117,c1efca2e1b1c293922001847879c74ce37542bb838e8ef70399ab93a5d810a7d
data/raw/the-netherlands/the-hague/2025-09-25/reviews.csv.gz,6671930,aa607331cc6a5d4f886cd709bff64c78a6c831b9e65d1168d6748954c50bbbbb
data/raw/the-netherlands/the-hague/2025-12-28/calendar.csv.gz,894408,ff9216135d5eb67b9b9843f7f1e71d88b0b14406f84dd532e9be94f27a20bd33
data/raw/the-netherlands/the-hague/2025-12-28/listings.csv.gz,450480,2877497c20dde4f22037d0eae04f98d880aac4a363cf3dfe1ac0468c891ddb47
data/raw/the-netherlands/the-hague/2025-12-28/reviews.csv.gz,5478705,c762c63e1cce680caa0b8998bb3645b8914705d0a05c2197926783a840746613
data/raw/the-netherlands/the-hague/2026-03-29/calendar.csv.gz,826913,186781bc52bbcadacf5929b43f59db9141d91a40875a8a18398f8b10c568777f
data/raw/the-netherlands/the-hague/2026-03-29/listings.csv.gz,520760,487a62c8c1b77d39124ec9b368e5722ec188eb878646c213b49624f6cae6d9c4
data/raw/the-netherlands/the-hague/2026-03-29/reviews.csv.gz,5163765,404cbc62ab8983bac79f589c8b46dcfb1b390208f5d20aeb87aa175a3c3837a1
data/raw/the-netherlands/the-hague/2026-06-28/calendar.csv.gz,1305552,6dcee5b4e2c0a02ae9fffe4eeb8aaff523100b9dec8644cef489f81d7afcbf09
data/raw/the-netherlands/the-hague/2026-06-28/listings.csv.gz,836638,2b47502d4d2fc67d2d3ea508ca73af1b48d071d723deede4d980ab1ca4714a31
data/raw/the-netherlands/the-hague/2026-06-28/reviews.csv.gz,7011534,4fe8ca6e9e123acb014c5a7294301f0cf36d5294d3e7d9a204e6b075adafebbf
data/raw/turkey/istanbul/2025-09-29/calendar.csv.gz,25560601,9f245dbbc6891a5535915f158b8206e0585e8c9477ea008fe85429b738c5e17d
data/raw/turkey/istanbul/2025-09-29/listings.csv.gz,12470498,77c7e6560babe17e45a4a6c18599e405a4e15dd7081532ebb183d64cea745900
data/raw/turkey/istanbul/2025-09-29/reviews.csv.gz,72836548,362f8e97f332f8a0dc5c2b33828e618dd5fbfc4608e6ac41b6e2e68c45eb5f03
data/raw/turkey/istanbul/2025-12-30/calendar.csv.gz,27120775,0254694f2550433a33ad22f7bf5e1e1c361693514aa4ba4452752bfc6336808a
data/raw/turkey/istanbul/2025-12-30/listings.csv.gz,11507640,45fc9436a715834d95cdd3ded6a991f113b16d1254b89423f0c279d03c6b96ff
data/raw/turkey/istanbul/2025-12-30/reviews.csv.gz,77047822,ca802438f7342d2852ddcf710e55f211a8c57df8b22e07ba61a9e502009cb27b
data/raw/turkey/istanbul/2026-03-31/calendar.csv.gz,12127236,30792603ea59546c68c73b11ea435263c81c76191ca8df1bad8b936447f2813a
data/raw/turkey/istanbul/2026-03-31/listings.csv.gz,7157231,393811b8661a92013003ba6f30ad929998eaa01c6b9e999b3d1b5d832899d019
data/raw/turkey/istanbul/2026-03-31/reviews.csv.gz,61798137,dc3deaea0649aab481081a1a3aaac6d77ca2822a71fb29098c9502b85bebf7ba
data/raw/turkey/istanbul/2026-06-30/calendar.csv.gz,22270761,f44aab3e2c1f82c256c0ecc6602b811b261ddc36def411639fda97d7212ad942
data/raw/turkey/istanbul/2026-06-30/listings.csv.gz,13047871,496db43edf236a53737bfe2f0f868ad4f812ff5db0f61798dba7de4ee4769dff
data/raw/turkey/istanbul/2026-06-30/reviews.csv.gz,77059005,26009e2af5b9f8cb510194e21fdd750c426fdeb336806b115ec97a642031a2f2
data/raw/united-kingdom/bristol/2025-09-26/calendar.csv.gz,2467235,5a66ee8435894056bcc4f982272515f2ec8af77906c6129924bbfff8d7405296
data/raw/united-kingdom/bristol/2025-09-26/listings.csv.gz,1534847,d001caf7c6d6649cb21f4ed47cfaada8918428584dbb669fd406df771b5d9662
data/raw/united-kingdom/bristol/2025-09-26/reviews.csv.gz,14699146,574c60bb427f375a26e15649bff9d9d059fa21301329c02c449b43e97b0c907a
data/raw/united-kingdom/bristol/2025-12-28/calendar.csv.gz,2665863,7948edfa4bf5c19409a17ee6fd21c674b5c7194f7d8afd63840422f4e252ba2a
data/raw/united-kingdom/bristol/2025-12-28/listings.csv.gz,1355764,fe073b468e800a0825b242e32984f4d41916f87f7cd9dc4bfa9c4503ba503e58
data/raw/united-kingdom/bristol/2025-12-28/reviews.csv.gz,15136207,11673ede7e9a3be2ebb28b6cbeef0cf7de9671124e301533f19c114a4b537ea2
data/raw/united-kingdom/bristol/2026-03-30/calendar.csv.gz,1766956,7f5e9b18d3a18ef74b47180bb6381f4566f431fd6016a7894646344adab90fba
data/raw/united-kingdom/bristol/2026-03-30/listings.csv.gz,1113142,b088b6ec71b384500f6b7e38344bd72ab3c6ba0f1fc8828b7319b0953a32674c
data/raw/united-kingdom/bristol/2026-03-30/reviews.csv.gz,11879387,43bd76c5a0d2c5c6375568ed14c938cbd8320036449177782f1d6ddce2d9c284
data/raw/united-kingdom/bristol/2026-06-29/calendar.csv.gz,2661708,c5a4b6fa5d1830d93473cb47bd2a60a3cfb9e2f3b2816003b115eeba4b90367a
data/raw/united-kingdom/bristol/2026-06-29/listings.csv.gz,1664846,1725729b2b803a21fdc0553c881769bdeecb3028322d974098bb88dcddbff376
data/raw/united-kingdom/bristol/2026-06-29/reviews.csv.gz,15819559,e4f22238d126136f08cc55334f5312be4491c2a682ed9154334bd09200b8e64a
data/raw/united-kingdom/edinburgh/2024-06-19/calendar.csv.gz,4967299,a35ac1f894981523f5f73bca26ac0b79efc7ad16cbe74eb8dfa86df0f977f7ba
data/raw/united-kingdom/edinburgh/2024-06-19/listings.csv.gz,3218056,8e18bac8a9e8dae3776e77c13b82b813f2475a2bfd71de30da3f5efd45253c51
data/raw/united-kingdom/edinburgh/2024-06-19/reviews.csv.gz,57142971,3fd8d8a822a3954f22ca5a5f03e9141103a62864d31632ca110fd89de69e2fa7
data/raw/united-kingdom/edinburgh/2024-09-13/calendar.csv.gz,5440622,8cc7481c710e66256189243482289da799cb93f8bd81f47e254b0de8f3ac953c
data/raw/united-kingdom/edinburgh/2024-09-13/listings.csv.gz,3300436,fa12c063bedfbef48a2fa93488b57dd40893c0fe12472e182e50ac8d63bec433
data/raw/united-kingdom/edinburgh/2024-09-13/reviews.csv.gz,61670765,b722b72ab09f41b46c9b842dcf9688051b2a06be0d99de0e5ad713b97870ace2
data/raw/united-kingdom/edinburgh/2024-12-14/calendar.csv.gz,5323883,3b7f0be9b75dce9fd376770a450074c2cd663f9a274f386e59b9ce52514ec4b6
data/raw/united-kingdom/edinburgh/2024-12-14/listings.csv.gz,3255650,69c45c42cd3c23282d64abb1ebc4d28f57c23ee28b91ffd783bed6b3075ff1e9
data/raw/united-kingdom/edinburgh/2024-12-14/reviews.csv.gz,65463347,80a8571546c0eaf6e017037c385b9d10a69b5283474915780f377cb9a0866b7f
data/raw/united-kingdom/edinburgh/2025-03-08/calendar.csv.gz,5200947,db5310537f2bd8d381ac812ba45487a9e4321ef46dcde42c34e6f8f6f2a7a7e4
data/raw/united-kingdom/edinburgh/2025-03-08/listings.csv.gz,3279849,d09bf996bdd6f9cb4092ebd7dad21c73f0da3b251eaa7dbfcd2b4decbd5e8d35
data/raw/united-kingdom/edinburgh/2025-03-08/reviews.csv.gz,65758064,6c6fe75474aa3c0a151fc74cf61ccfb7ead9344a7f2256c04711d26f767db3ea
data/raw/united-kingdom/edinburgh/2025-06-15/calendar.csv.gz,5117906,266c33d35e8b139945886325bdc41881ea3214867d08670cb7c1fa993b8513d3
data/raw/united-kingdom/edinburgh/2025-06-15/listings.csv.gz,3458140,5363c5bf4c5c9b3448fa48db3ad38acf78b8b3a1d6485a63c3b8f48b24a290c2
data/raw/united-kingdom/edinburgh/2025-06-15/reviews.csv.gz,68899670,86918facb73541038cbb1fa4eaa22cc74c255e7ff046261f8b1d873f18b4e861
data/raw/united-kingdom/edinburgh/2025-09-21/calendar.csv.gz,4320099,ab4a8242ded59e13501f3f70ce108bb5b0883f46e34ea6c5777ca861f05e2752
data/raw/united-kingdom/edinburgh/2025-09-21/listings.csv.gz,2872234,b53785c82f58d7bd62d8ef8b97758a4465296ba327074de2cba9e3e5a61166a0
data/raw/united-kingdom/edinburgh/2025-09-21/reviews.csv.gz,64443117,21da53846df6f490b9d29247b095888f3ca896d7d9988417ab3daadd3ba78316
data/raw/united-kingdom/edinburgh/2025-12-25/calendar.csv.gz,4952029,023e068ed2cea5959f0c922887e8d74a514bd9d52f8c433f39c70d0199bbd9a3
data/raw/united-kingdom/edinburgh/2025-12-25/listings.csv.gz,2609146,1de3bdd7256db50a9c0a8ebc55bafaffbf6ceba1261c3ee0dc5455bd79d0e494
data/raw/united-kingdom/edinburgh/2025-12-25/reviews.csv.gz,71918291,1c3586a0203b33d8443e73a1a4423c97aaaae84fb4d02478675d9368d54548c7
data/raw/united-kingdom/edinburgh/2026-03-26/calendar.csv.gz,3942686,13272b64d39e575b1ee6a57d941bdae1e1fb1d93eca2d3f4c8e75ce314d12aa1
data/raw/united-kingdom/edinburgh/2026-03-26/listings.csv.gz,2539674,da8139a552a4c462491202107537bcca21c8fd256f312623a244a509e1ff288b
data/raw/united-kingdom/edinburgh/2026-03-26/reviews.csv.gz,58423861,3b344465dafc96973936b72d44e77050d7973bf3bf291f32d59c7f2c48a166c9
data/raw/united-kingdom/edinburgh/2026-06-23/calendar.csv.gz,5578932,832a8b05a166855ac7fe354acc54269b8ff4d3becf7aa644cdad24127b91a286
data/raw/united-kingdom/edinburgh/2026-06-23/listings.csv.gz,3585414,a3eabdf3810850c4f93226e4bd642fd5bf99964694b537c3080b2077e11dd695
data/raw/united-kingdom/edinburgh/2026-06-23/reviews.csv.gz,78776504,2ead8b98c6082494640c36d24e3df66e562491aca188d471d1f1df6c7aecd135
data/raw/united-kingdom/greater-manchester/2025-09-26/calendar.csv.gz,6499694,e7d77919224f9c8f074cbb31a84a880517617bf529054550c6871806bc575b1d
data/raw/united-kingdom/greater-manchester/2025-09-26/listings.csv.gz,3737927,e3f897d361a3f8109eb7e9c7c289a187289618012359b5ed9bbcbb8f1e27c972
data/raw/united-kingdom/greater-manchester/2025-09-26/reviews.csv.gz,24919635,dcbdcb4a30a92f3fa760867d93ee7bf11f6a76a2965341138af00b9e3c1e39a7
data/raw/united-kingdom/greater-manchester/2025-12-28/calendar.csv.gz,6935304,3c35eeca02c938fac670a70ad65e83305e2d5f908c4a82a3de8869c7c8e39840
data/raw/united-kingdom/greater-manchester/2025-12-28/listings.csv.gz,3419677,75ca73d2149e6c3fa40298182aa09506536e0effdb3173f119fd82ef99493233
data/raw/united-kingdom/greater-manchester/2025-12-28/reviews.csv.gz,26812124,3194c61ae26d0dec7c033765e8e37ac25c7ba35f1be385aec561f53f72a9fdfe
data/raw/united-kingdom/greater-manchester/2026-03-29/calendar.csv.gz,5192686,4713b61dfd50ed0c3cf0dabbde466a505abaff7dbcea7838361edeea4c450a3a
data/raw/united-kingdom/greater-manchester/2026-03-29/listings.csv.gz,3197925,70555c1f7d465cd74f58dea9d7607235b3b180b3fc8d13d4870b80da9c01f051
data/raw/united-kingdom/greater-manchester/2026-03-29/reviews.csv.gz,22790329,95037ff6b0c38ee1fb481d799d591aedb0950d63c2ef3d16861793645ec4a46a
data/raw/united-kingdom/greater-manchester/2026-06-28/calendar.csv.gz,6135376,82e6cb9a6ae2c0a1652415838b169b3ada8bac491c6806eb62e147c1a5fd5bc7
data/raw/united-kingdom/greater-manchester/2026-06-28/listings.csv.gz,3780263,979c31471f67ec5f6dbd1d94b298eb01f3708722cf102d94df2feef26d10334c
data/raw/united-kingdom/greater-manchester/2026-06-28/reviews.csv.gz,25798135,d08a26d4d61f9c67283933013a4223a14f169e5cf0ee1bd98156c0a85411da73
data/raw/united-kingdom/london/2025-09-14/calendar.csv.gz,81552188,c5879ce66a595874c551cffa7bf09005352b3fbbb48ea494617072b76d32574a
data/raw/united-kingdom/london/2025-09-14/listings.csv.gz,50398406,6de13f7e0febbe7fef99cac582b6961551dd0644393f947fe4c1ed41cd830231
data/raw/united-kingdom/london/2025-09-14/reviews.csv.gz,258039364,510333cac664eb87096adeae66237f385462d403d07ab3c2a7292943644f1639
data/raw/united-kingdom/london/2025-12-13/calendar.csv.gz,87038525,179623eb6e786163b4a79fca9bdfb2924149b391c52db17defef46bc7d0b49ca
data/raw/united-kingdom/london/2025-12-13/listings.csv.gz,45148273,4ce3a0c01c802bd91d31dc7e597a3136e8223d2004ca080f6606dcf9bd5cc541
data/raw/united-kingdom/london/2025-12-13/reviews.csv.gz,261229018,5f59a33ff929a2a3ac4b9b8531efa62a0df190237763e452522f5c5c29112087
data/raw/united-kingdom/london/2026-03-21/calendar.csv.gz,48739362,bf015a03b064d0f7e46e6ed6adebc73141d3aa04197d5a99b46c6f76071cac2c
data/raw/united-kingdom/london/2026-03-21/listings.csv.gz,31187959,c4d3b2cb290d1c0eb0e82f249bae0a17600572d62836933155bd9fb6b48f8247
data/raw/united-kingdom/london/2026-03-21/reviews.csv.gz,197267969,9804bce0bc4b36e1f8cfb8509e798c8b86bbaef0eebc70cd3c0dc8985751923b
data/raw/united-kingdom/london/2026-06-19/calendar.csv.gz,82435981,ce7b014a903dee69190e41bfebaa51cf3e2df9e3c1187de958e1a47e930489a6
data/raw/united-kingdom/london/2026-06-19/listings.csv.gz,50356306,f32fbf1bdd3a4fcdb58ffe901b4ac20d8614f77cd36f1e3bbd18523e6e2acabd
data/raw/united-kingdom/london/2026-06-19/reviews.csv.gz,276900860,31cff8cb38533ced66208c669d0dc09c161db056b992994653325bc0fbb8a500
data/raw/united-states/albany/2025-12-11/calendar.csv.gz,428304,966ddbfafb1da17c7bed7cf178e466c457d036b772bb3e1ea24af971c505fb75
data/raw/united-states/albany/2025-12-11/listings.csv.gz,217798,84d6db13722c0ab5ddafc37a49d623d293112f580052fcbe87e4dcfe40eb999c
data/raw/united-states/albany/2025-12-11/reviews.csv.gz,2685770,13c2ceb28daf5bbcb10ecee6a1a6249405fc4e01c82f3d5ce828e7556a53f872
data/raw/united-states/albany/2026-03-17/calendar.csv.gz,411340,472c77257871cd7b4b0dbcbe1cdcff959c8c0269f7eb4b3c27fbd341273ee18d
data/raw/united-states/albany/2026-03-17/listings.csv.gz,250073,f3751f5d5607c56f89a23c737493d39adcecba365718f0a664932f502ecc4ccd
data/raw/united-states/albany/2026-03-17/reviews.csv.gz,2581061,c80c53118513d5b690545b14f1616504ec45d9a62697b0c170bea50ee81b6e33
data/raw/united-states/albany/2026-06-16/calendar.csv.gz,426327,8246ba8040e2d677b7f355ab72d9ca2dce81e56b2524fb6024a849cbe5a8b818
data/raw/united-states/albany/2026-06-16/listings.csv.gz,258357,a39438e7dc72e9ace8742f3479f80342db36ac07d437116f368173d75144d901
data/raw/united-states/albany/2026-06-16/reviews.csv.gz,2704584,c0d41ede68987d94653f4b5d2909ea67e784401440200cd81d6645894bb37969
data/raw/united-states/asheville/2025-09-22/calendar.csv.gz,2509870,5261acafd35ee488545b8e19915bae7751c115c06120fe6bda533ae468523e67
data/raw/united-states/asheville/2025-09-22/listings.csv.gz,1794588,659bb544c4e535b8c144e2ccf56e09873b8da792d86eb3143b5c4b6b51c04113
data/raw/united-states/asheville/2025-09-22/reviews.csv.gz,33088082,48898c671c9054c43fad65f54e243fbf79f66474813fce391ee70996e597948d
data/raw/united-states/asheville/2025-12-26/calendar.csv.gz,2628926,a72b6b1d686dba3c951cc71081820760fae41b7305849921461b8e102c4948a3
data/raw/united-states/asheville/2025-12-26/listings.csv.gz,1568951,49dca1a9b772907efe051208e64b4943698fc6b3dddf485b1646f0e74e7f754c
data/raw/united-states/asheville/2025-12-26/reviews.csv.gz,33947897,119ab05e87e87c1dbf049f65822596e4c0f46fe676c5c27ec03adec8c9e55a61
data/raw/united-states/asheville/2026-03-27/calendar.csv.gz,1949655,9797138f263d19283eab3ea25b7692a95bd88c5e387bc2958d8b81e53f0668a1
data/raw/united-states/asheville/2026-03-27/listings.csv.gz,1178530,498bfec71982e95b4c80beb740ca053b642709bd974d2f6ddf22f9f6fe9ad053
data/raw/united-states/asheville/2026-03-27/reviews.csv.gz,29875661,5c74a6caa119f3e02bfc2e150721349c9d112db0d0a34d62a155a7a40f2603c6
data/raw/united-states/asheville/2026-06-25/calendar.csv.gz,2526483,b6400b771d0eac1d106406ccf85847b61dd8d555bcc051ecdad55683f9f0330b
data/raw/united-states/asheville/2026-06-25/listings.csv.gz,1841311,b50fb547cc32757867e55b435a36a9c77faa03100b28cfaf0f195252a1865ee5
data/raw/united-states/asheville/2026-06-25/reviews.csv.gz,35202296,495f0792f3b5863dc7726786aa1653c418132740d75d5e02b009921047040f17
data/raw/united-states/austin/2025-09-16/calendar.csv.gz,9347879,174641cd4f29550ebfb488845391294f2272f484919c8c2e7cf90c0d86510f9d
data/raw/united-states/austin/2025-09-16/listings.csv.gz,6496388,f3f243214fd5d3c209c36b9fbde54cd11e0a23591a813d1beff130ac781b090f
data/raw/united-states/austin/2025-09-16/reviews.csv.gz,57737922,f1247858542d9ae1856fb96e9bd6ca64916d6594749b7ebc9751c1464db50982
data/raw/united-states/austin/2025-12-22/calendar.csv.gz,10240707,43bf4ff8bda407ac086911261ca1142f77ed00a8c1305c1e0d2aa35b39db53d6
data/raw/united-states/austin/2025-12-22/listings.csv.gz,5852167,9d4ae6d1136a1ffd111614ee437d1edf0117d0128840f748f4d0dbc42ba620c3
data/raw/united-states/austin/2025-12-22/reviews.csv.gz,62565809,eea14643cd421b707b2edbc7271e88a4b6ff7fbd0bd344964514d6cd1e089a1a
data/raw/united-states/austin/2026-03-25/calendar.csv.gz,7403950,67b0bd7c15d2b73490ea877005c41267cf2bd49e790bb330e8a79066028a46b8
data/raw/united-states/austin/2026-03-25/listings.csv.gz,5060851,8640ebe69f81ed869b6f4cdd5dbfe772a4a97ee463cfaef9b06515a0ff4539d2
data/raw/united-states/austin/2026-03-25/reviews.csv.gz,54101070,39a548e460bb5bcd609c9ca9846c07d06f934b78628841f1f7f4b279fbf96ff5
data/raw/united-states/austin/2026-06-22/calendar.csv.gz,10067057,62892205a61069328de7173b65a6c6de4c8a3b8b56655bfdd31ad8b3001ab47f
data/raw/united-states/austin/2026-06-22/listings.csv.gz,7647862,5e2b0267729ea2f6c61c06e58621abae4a88ff852594ad9ccf1dec0a0d4f4c05
data/raw/united-states/austin/2026-06-22/reviews.csv.gz,63478896,c7fba6f50d0a3925de4443f248d998c74cfdf0fce9cb6c4a9913e7c115aee32a
data/raw/united-states/boston/2025-09-23/calendar.csv.gz,3841322,ee9885da906347ca5aac9e9394793a60be9d4ebac8e20df016c5dd05a0f6ba0a
data/raw/united-states/boston/2025-09-23/listings.csv.gz,2263228,06c475083ca2429d0f4100fdbdd98317119a4354b496d25ba1a9910ee662b98b
data/raw/united-states/boston/2025-09-23/reviews.csv.gz,25343001,e56c5c60c0c2a19f0697a4d28126c06c7022a32f7fedc3c21c6482ad800cf9c3
data/raw/united-states/boston/2025-12-27/calendar.csv.gz,3334794,38f75908e53a49e78f6b45db3b10088122a7542e2ae1bb61fdaa8f65761b7564
data/raw/united-states/boston/2025-12-27/listings.csv.gz,1559557,f2ca39c3f524a59d3020d2297f92e04f1a7329c9ffda2ab5c5b52db2a31cbb59
data/raw/united-states/boston/2025-12-27/reviews.csv.gz,23373733,b13118f53c0beafd03706a4f2d79b578e96d0faf6233d09dfe3402b015ed23fb
data/raw/united-states/boston/2026-03-28/calendar.csv.gz,1695632,e291370063f53dd796abcf9d442ddfa4d233f557a33d666b6d6460ce57824a67
data/raw/united-states/boston/2026-03-28/listings.csv.gz,835411,3bc3f4d4c709039d0a0f94706c5a53970e63e08b125bf0184f73628c033fe5a8
data/raw/united-states/boston/2026-03-28/reviews.csv.gz,19655436,a865e8d0016ae7c37e3a4bbdb9090bd4989d3e9fe93747fc6ea327c9dbec0f70
data/raw/united-states/boston/2026-06-15/calendar.csv.gz,3813694,8f6da44e511790ebcaabcfc9571f389061e6bb03be45e1a7a31bf2a4d8dc8e76
data/raw/united-states/boston/2026-06-15/listings.csv.gz,2463465,cf72d109ae7da76987160db61fb2c069671bbfbe1cf1b27b8a97507ac6b2093b
data/raw/united-states/boston/2026-06-15/reviews.csv.gz,27694137,6eb338e3b831f5a298cbad7259f54f1fdd6aeac2f408c4b859852ff854851b70
data/raw/united-states/bozeman/2025-09-14/calendar.csv.gz,517940,ea2e6c5ed74f2a325ff2b65b70839272863bc8f72f16010b89f0c5ca542f1b03
data/raw/united-states/bozeman/2025-09-14/listings.csv.gz,334660,6af666d79fe2ac4653c8621265e702adc07d9e2770c036c985adffeec4a743a3
data/raw/united-states/bozeman/2025-09-14/reviews.csv.gz,4266316,723b4ba6d4404be2f2e9518f05872663cc7eebec270c227aff4131b1f1c90d04
data/raw/united-states/bozeman/2025-12-13/calendar.csv.gz,548910,45faf336f8537ed26ad10b4554e33a179dab2e45a96338f856b1d3e2716b1b48
data/raw/united-states/bozeman/2025-12-13/listings.csv.gz,306222,68cce44531c91621b76a6d44136034eddfce6db2879eed871b7cd924874ee0a3
data/raw/united-states/bozeman/2025-12-13/reviews.csv.gz,4445115,4113f2ed0276d0732335c7d3e7826ef7d8d02c110adac0b3314970a111313934
data/raw/united-states/bozeman/2026-03-21/calendar.csv.gz,337993,1014ab36986ded6a9ee130e1ebe85cc2dc7e50111b013b48ca0960bfce21cc93
data/raw/united-states/bozeman/2026-03-21/listings.csv.gz,227669,b2fe576412aea9738656c146735d6bf1a6cb570ddd9ab24dc1d6998ec87a116c
data/raw/united-states/bozeman/2026-03-21/reviews.csv.gz,3917836,e8881bb224933ace150cc5800bec122cf32b51d4299993e3cd7591ab0f98e35d
data/raw/united-states/bozeman/2026-06-19/calendar.csv.gz,523085,a656eadee3cd75b813c179ff532ef3b32465866ea7a75400bfb56491e8ac8693
data/raw/united-states/bozeman/2026-06-19/listings.csv.gz,353161,8186a388a4beb59f76706f8e529facd1af1a3de5c70aca677cf1973115b1bbeb
data/raw/united-states/bozeman/2026-06-19/reviews.csv.gz,4605563,36e4d8b1a83dde3fa77c5e75b4fcb9ec45156199e1e929843146bc089fd6b843
data/raw/united-states/broward-county/2025-09-26/calendar.csv.gz,14844832,ad5a2b1dc3b0e198fbe56c8aa3d799135aff0db7041a246e1d00052184e6d741
data/raw/united-states/broward-county/2025-09-26/listings.csv.gz,9744878,1cef0d3eda38265f22976acc38238795535d9c84bb947e2cce3cac87204e867d
data/raw/united-states/broward-county/2025-09-26/reviews.csv.gz,66576079,532dfa8742776ade33017429a64973450552cead7ac24c13de60125e1954aefd
data/raw/united-states/broward-county/2025-12-28/calendar.csv.gz,14892049,c658cf732eeca9dd0d3fe818bb2806a2fd6de0a4d384938d8df83ad2bdc0bb1f
data/raw/united-states/broward-county/2025-12-28/listings.csv.gz,8319143,3300ede894177412f4d1f8ee2a8d0ea7d42da47c9ec6071a8395d0d659c762e3
data/raw/united-states/broward-county/2025-12-28/reviews.csv.gz,64988662,d180685703c68a8594603a8c66a872045402293f9f18827c313f5a2657e16bf2
data/raw/united-states/broward-county/2026-03-30/calendar.csv.gz,8670856,33447be8ab07f4b8050c498a5eae0689c687c12f52f7ff24a786b16e198d0272
data/raw/united-states/broward-county/2026-03-30/listings.csv.gz,6093372,c04f7a8a5a409b203bdb0e25f3cf81a63b92a83d7d999bfe95520b066a276f1b
data/raw/united-states/broward-county/2026-03-30/reviews.csv.gz,51532127,a6acb301b72d8776adbc91d3308c2834ae2409cad1c44f027f2817639585d797
data/raw/united-states/broward-county/2026-06-29/calendar.csv.gz,15563731,9ecd10309c41704f25e0e3c20c3c07496777e77fe84a154feb4db446983f0be1
data/raw/united-states/broward-county/2026-06-29/listings.csv.gz,10459121,d1d852ea6b13d0fb33c82ef48bbddc83bd33c004bf957cebfe99cb1e04613ad7
data/raw/united-states/broward-county/2026-06-29/reviews.csv.gz,72029936,46cd965bd39f71e202c038c2919b45053a4112d690d55f2725320779f6a75ce0
data/raw/united-states/cambridge/2025-09-28/calendar.csv.gz,1181800,55744e28085fe002b53096204004e9b223e5f908bcf3af5966f866ac71e55df2
data/raw/united-states/cambridge/2025-09-28/listings.csv.gz,619797,2a81e1f200a2899052d3cf8d05ad75150f60bf259b237a1b8bd52101b0e1452b
data/raw/united-states/cambridge/2025-09-28/reviews.csv.gz,8040214,01af755d702a710f32b8f204e0c775d2899737797e0139e4c1079103ee088fe2
data/raw/united-states/cambridge/2025-12-29/calendar.csv.gz,933044,228e4c9d76538baac548dcb35d7b3f50d58d1ecd61537bf5b516173305c8702e
data/raw/united-states/cambridge/2025-12-29/listings.csv.gz,385271,fc00463aa387fdc67033e76d9709e4c30f9700e48fb7976796b9a37a1b45a8f3
data/raw/united-states/cambridge/2025-12-29/reviews.csv.gz,7061642,fd9191c98acc622e8cb1baa53bf8564325cb7033234aac734dacc136c08f13d2
data/raw/united-states/cambridge/2026-03-30/calendar.csv.gz,560906,5b5c14adb9fc8ed9ec143210bd6c925f2b4e38bf75ba227f6971833357e95514
data/raw/united-states/cambridge/2026-03-30/listings.csv.gz,325990,b4a6d97e839c9ed3862837dbc7f471b914728004f2cccb4e77e0d63a5aed83ea
data/raw/united-states/cambridge/2026-03-30/reviews.csv.gz,6520285,5314a5a882d7751c6dec5117339f6520c7e5398d7cc7bbb580931b1d08f57231
data/raw/united-states/cambridge/2026-06-29/calendar.csv.gz,1269236,6a2ae491ffd7f74b31d5d855a19b23175b3ca69163e13da9a8747b117c884e0c
data/raw/united-states/cambridge/2026-06-29/listings.csv.gz,690937,7d8b7fe4202a934219ac7a143c6f7962f3ebb97e1d4b55542e9d8941b868931f
data/raw/united-states/cambridge/2026-06-29/reviews.csv.gz,9131868,9b91c5752472dafba8c8b99818894de29f38958267330657deff66cc61069ad7
data/raw/united-states/chicago/2025-09-22/calendar.csv.gz,7567279,189e419fcf296fb21a35bd5a94fa4f26b996f7f02d155db73eddcbb618bc9768
data/raw/united-states/chicago/2025-09-22/listings.csv.gz,5023259,22a2718d68eba3d2e6644fb4e8e09cb465454bb1cac81b4e9be6b40b90acc345
data/raw/united-states/chicago/2025-09-22/reviews.csv.gz,52939847,e9a97e8811b127d3309b8354e7eaa4a6da9c322e88d07e0e0b8d493801d52819
data/raw/united-states/chicago/2025-12-25/calendar.csv.gz,7951196,bb49000316540f03da78caeefd241d4ee29303a91f7b584cd9f933a5b3c10562
data/raw/united-states/chicago/2025-12-25/listings.csv.gz,4235199,81770ef90c4bce7de6a80d02965b5c3756fb4b2893c4706d5ee81b17eb0782d2
data/raw/united-states/chicago/2025-12-25/reviews.csv.gz,54822950,1e4e8aae1141c719fbe074c2cf1cf480187322ae208c4b4f293e6c1b922a2b49
data/raw/united-states/chicago/2026-03-27/calendar.csv.gz,4663363,e713f8402dee242df56f9a0f3b9792a41c8b03c4d335db33718460d88303f829
data/raw/united-states/chicago/2026-03-27/listings.csv.gz,2632427,4bd1ebd0d284ea67d120c21b788b549e37c22c92c6f0c81a3b5b0e62d1fa9e69
data/raw/united-states/chicago/2026-03-27/reviews.csv.gz,45539629,8ac1d13cc7e295e2aface768a2410995329b59af7484bd5def4393699822c952
data/raw/united-states/chicago/2026-06-24/calendar.csv.gz,7660525,4af77df529320795253b9be25f9adf515ed85963e35098f3b8401e505b8515f7
data/raw/united-states/chicago/2026-06-24/listings.csv.gz,5059667,8f0e61e8eef19a0af6a9337cf72442375e390b32784fa4f32b4f9c14c9cc9f69
data/raw/united-states/chicago/2026-06-24/reviews.csv.gz,57071607,a8bcc86044a453d4212f7e911b6a5d7bbf2c06dd4dd164a534ba594e83ec89ae
data/raw/united-states/clark-county-nv/2025-09-23/calendar.csv.gz,15390873,06e1362c1a1c43f0952cee4a5602712afe3e609cf942f34ee2595d483fe75ed8
data/raw/united-states/clark-county-nv/2025-09-23/listings.csv.gz,8524714,bfcac89b77f28d9cde54bab5cd3872dd9d435fb7d508ea709b6246ac5cbae13d
data/raw/united-states/clark-county-nv/2025-09-23/reviews.csv.gz,61202640,b1954a55a7b12e885a1d0ba9db3b2530207f56be3dbe924f1e36e4b4261ac25f
data/raw/united-states/clark-county-nv/2025-12-27/calendar.csv.gz,16003364,81022adf9af73c72b65a55bcac60b4c2493d64d8544ed0992511a0cab1804ff1
data/raw/united-states/clark-county-nv/2025-12-27/listings.csv.gz,8075365,4e7549d86717943a8fe001b461ad214c0770e7f58719ecd3eb1c78c9860dc772
data/raw/united-states/clark-county-nv/2025-12-27/reviews.csv.gz,64103732,2ed2f1cba750a7d420a8a28dce13b10f51830aa24b25fc6fd3eb0a37addb7859
data/raw/united-states/clark-county-nv/2026-03-28/calendar.csv.gz,8115230,d1b4c4362f59b661b0a0aa14f9b9453fdf07388a8e926516e903163ec2d64a30
data/raw/united-states/clark-county-nv/2026-03-28/listings.csv.gz,4132203,3abc34a6b60695331b8e33299f882cbfa836c37ce7b23425f7c30550ea15ad2b
data/raw/united-states/clark-county-nv/2026-03-28/reviews.csv.gz,49117637,78eae2c6c3a839d16bf748bd946ecd2c0e8548e0d6fc5066976bf80bf6b10801
data/raw/united-states/clark-county-nv/2026-06-27/calendar.csv.gz,17689990,ef38f2c28e0da4f3c0371be832fb4bb4ec4b699b126acf08092431d1c2f05061
data/raw/united-states/clark-county-nv/2026-06-27/listings.csv.gz,10896876,447347e406a992d49d63704daf71539bf87823ac29ff29e9fd42ff81af242307
data/raw/united-states/clark-county-nv/2026-06-27/reviews.csv.gz,69907491,67e601acd450c40c3fc0cbb8af61afea7c40789d358b5e312888abc21b58e84c
data/raw/united-states/columbus/2025-09-26/calendar.csv.gz,2543513,4b8c24f57b31ea8d9bd81e50949168d7aec5103dc0513a24befa17f19155a521
data/raw/united-states/columbus/2025-09-26/listings.csv.gz,1666738,da71a7b211c948be5b26d938f40bc658a857eb1076fd1ad4c080291fdc4f4513
data/raw/united-states/columbus/2025-09-26/reviews.csv.gz,16279237,f51c0a0a3143134d9733828a8f51e599b1e2c05530f3e534639fedea3407170b
data/raw/united-states/columbus/2025-12-28/calendar.csv.gz,2675417,7db6cf1a7b54a68fc2286e1ec6ab66ebd113166ed36797c3f7db82853f008c04
data/raw/united-states/columbus/2025-12-28/listings.csv.gz,1456929,e0b8196887001f1ee7fcab5bd8d7e37ced7f42906e7786c9a18262d48031caa9
data/raw/united-states/columbus/2025-12-28/reviews.csv.gz,16964463,b0d99a457916413b5280bd62c3666b0f457fb32411a6662f8b468e8f10fa738f
data/raw/united-states/columbus/2026-03-30/calendar.csv.gz,1554870,8f0fa49bf2b19ff7425ace8b73df6509c158de85f646d948d17e872e57164c8e
data/raw/united-states/columbus/2026-03-30/listings.csv.gz,1022328,4e5476e0f57036a1e6bc5ab4d11d8d7b6c56a8828601b63bd8bec62059f257a1
data/raw/united-states/columbus/2026-03-30/reviews.csv.gz,13581296,ab5aeb9ab540d71b4fd1709df06031c958d10ff54c7769660d0957bfd38cd1e1
data/raw/united-states/columbus/2026-06-29/calendar.csv.gz,2619684,4c9c49e2b929415deb42b6cbf2c7eab858fc532287088f5dc6d8358587467f50
data/raw/united-states/columbus/2026-06-29/listings.csv.gz,1763740,f1eec23a946f953e1df3ee77f7a92276396c1961cba5dbdc2fc54e495d049e32
data/raw/united-states/columbus/2026-06-29/reviews.csv.gz,18000617,1e19f20d45c9e2c4f0ddef31e698dc4c0bb962f4ad247b2f65c7c77fedd7f75d
data/raw/united-states/dallas/2025-09-21/calendar.csv.gz,5151881,9629b6de20bc6539e516fdfea69bfc5112bd82b0e2722236af7c8c2b2f45de0e
data/raw/united-states/dallas/2025-09-21/listings.csv.gz,3222549,1cdec844af9e35cca7bc5f6536caf3728923a4e3c0b2d48b7a87f6198310d33b
data/raw/united-states/dallas/2025-09-21/reviews.csv.gz,22847988,514bcbbffaf18b99340540a143ac9f1dfd36d600122cd9d65eeb8087d8599990
data/raw/united-states/dallas/2025-12-25/calendar.csv.gz,5228158,a0bfd7e1e86c3ac88c7bd8a6cb4173857490f1fadc54c3cc81d04226bc3d6631
data/raw/united-states/dallas/2025-12-25/listings.csv.gz,2829198,52b3f998ce70d2207dadf62b76c02bfe463e4275ddd99d8ff65063a96dd88939
data/raw/united-states/dallas/2025-12-25/reviews.csv.gz,23954935,35665e5a91492d53aab65b0983914c8a039f0d3ae58b2a2fdc9b27cd775df97d
data/raw/united-states/dallas/2026-03-26/calendar.csv.gz,5122745,c80c351ac32de0fafeb8b538424326eff842b3cc9b99d6e5bb86e1138f82daa8
data/raw/united-states/dallas/2026-03-26/listings.csv.gz,3425873,16fb905dfe307f2dbee5ea170e3299d20f8a43c14dfa911c9f5a4bbeeb5d7e67
data/raw/united-states/dallas/2026-03-26/reviews.csv.gz,24910765,97d111622476318debb989655d749b8ab3cd5324baf99e16682f5d196a7ba0cf
data/raw/united-states/dallas/2026-06-15/calendar.csv.gz,5734802,96b9e88fa277bac00db2f344ec9f4571ff693344cf6f4facd61dfbf529d962bf
data/raw/united-states/dallas/2026-06-15/listings.csv.gz,3845630,373ab8841cb6dbc80e20be5a2040b58db8cb4f3b1ed179c348e54e087f51572f
data/raw/united-states/dallas/2026-06-15/reviews.csv.gz,26014777,ed87457451c1083f48fe06bc61b233f182738e09a8d53b3b81fef9b0a13e30e6
data/raw/united-states/denver/2025-09-29/calendar.csv.gz,4231644,dd25d00a928566b0b5d361b27be2a1a8d8e41e2fb7664602db23bd8eb280532e
data/raw/united-states/denver/2025-09-29/listings.csv.gz,3151081,2a50d423f53b9899543e50ce4666b7a984159b5e75c2fda60cb8d675a1f869be
data/raw/united-states/denver/2025-09-29/reviews.csv.gz,34571874,1219d4cefd1eb1f1bb34d83147e5ad7d6e033d54f1b27cbfc025df6a9eee5470
data/raw/united-states/denver/2025-12-30/calendar.csv.gz,3767115,9c0e3efe91bf96c358a157cb10d12e82217a7b81350b28679f1deb825d9f5b60
data/raw/united-states/denver/2025-12-30/listings.csv.gz,2284103,8fdb52cb8572d69f4f880e59c47b7550c2fc02847200f7fcd8ff5b0f43c69222
data/raw/united-states/denver/2025-12-30/reviews.csv.gz,31186527,dda7e715002114bb733a4b2ca86722222100f88dcb51b8a4ed59588ecfd68587
data/raw/united-states/denver/2026-03-31/calendar.csv.gz,1936077,cbeb817eda4965b5eafdcaab4e8e340d56a9caaae31cd01e2264728da9c77c68
data/raw/united-states/denver/2026-03-31/listings.csv.gz,1414075,fc24761c3f5933a1487217a6af32c082fa50e315f06c0326393bd606d7229b28
data/raw/united-states/denver/2026-03-31/reviews.csv.gz,23826971,dafbcf469b5b35de2bd61fe760d4d495e6d73c2c20e3e6227d75c375722adf80
data/raw/united-states/denver/2026-06-30/calendar.csv.gz,4237307,656ab95fc3d2a690582b26b28c4a29897d07707e6b1f750193cb873aa9d35adc
data/raw/united-states/denver/2026-06-30/listings.csv.gz,3234138,215edeed59c296b80971fad007d3dedb4f28cd532706fcd662713985b7c1c37f
data/raw/united-states/denver/2026-06-30/reviews.csv.gz,35109538,658cfa67af60af2956f4b0d19331525f8c1348ca2b8caa821792b1195da8e191
data/raw/united-states/fort-worth/2025-09-16/calendar.csv.gz,1829583,457a0fbf57c6adcc46356b7ae449de3cf75604d1b6d7544d8ca0e6d22a60d034
data/raw/united-states/fort-worth/2025-09-16/listings.csv.gz,1122812,670bb891376de3d02a669394a14c0f9ffe3d901b882be531ba7d6154c05c0174
data/raw/united-states/fort-worth/2025-09-16/reviews.csv.gz,7934962,799cf0fbc1c80067520d6e8fbdef6c1c3afa0ddff5a2310ff652453730cec5bc
data/raw/united-states/fort-worth/2025-12-16/calendar.csv.gz,1884038,742090333f335bb2f013f6bc0bd1c1fe6a82557bf6773e10668c84bbe6326103
data/raw/united-states/fort-worth/2025-12-16/listings.csv.gz,1066070,f96af0ab09396e04f72b761946bb9539f15d151ed5f0df1ddebf5c51638ec4db
data/raw/united-states/fort-worth/2025-12-16/reviews.csv.gz,8292486,7584c8ebfb07e43a97a8de39997253cdb28d4b6aaf490d616110a43537e63dd8
data/raw/united-states/fort-worth/2026-03-24/calendar.csv.gz,1252192,c096e5c16cf0727c6b474c1f088addde56fa3ccc0f85511c933b3fff75804f69
data/raw/united-states/fort-worth/2026-03-24/listings.csv.gz,812352,747cb1b302257660f1976de5eb2dbd692708cb412fa670ec831256a2dd0f11db
data/raw/united-states/fort-worth/2026-03-24/reviews.csv.gz,6593265,3cfacdefe32a9f1e75221d0838888fd9a9850955cfe83eb5c6716fe36cad5e1d
data/raw/united-states/fort-worth/2026-06-21/calendar.csv.gz,2106142,00576faa367c4d97479926b3484c8a4e53537b72a8277fb534780712e83362d5
data/raw/united-states/fort-worth/2026-06-21/listings.csv.gz,1392125,a80b54b107425c6bf8ebaad18cecb574349f9ebd2186b1976b3ca60e22218c4a
data/raw/united-states/fort-worth/2026-06-21/reviews.csv.gz,9150510,9b14566b877e4e2b17bf3e74fe0d99d84716784836a4290f580d3d94ef2d6ecb
data/raw/united-states/hawaii/2025-09-16/calendar.csv.gz,32676020,0aa43883fba043505612de4831c904f0b8dfae2f020b53a6b3e6be99415f88d3
data/raw/united-states/hawaii/2025-09-16/listings.csv.gz,19292333,6f867eee2a0f7de5365a165345889c135cfe6f1d5b4c9e886ac51158add487d6
data/raw/united-states/hawaii/2025-09-16/reviews.csv.gz,186440079,cd625b3a8f1c0bd76a844e8c67d8d353b60d3f60b9d775b118947db9dff0a65a
data/raw/united-states/hawaii/2025-12-16/calendar.csv.gz,34746512,acd0900d83796b90e74171d5b5305204e6d606a92f1fbbf60dcf51d488b41b80
data/raw/united-states/hawaii/2025-12-16/listings.csv.gz,18872165,13c78a29e4f032fa47d3c20442e6428589b127e6e021c83f5b742f673c1d676c
data/raw/united-states/hawaii/2025-12-16/reviews.csv.gz,196195835,e26a2ed48c558360e5d4f283944a465b440bad4d4d6d716226115deb6aec72e6
data/raw/united-states/hawaii/2026-03-25/calendar.csv.gz,29647282,45d43329b62b6ef696fde40109559b22491f345e5dfb65fb64f08dcfc46b9c3d
data/raw/united-states/hawaii/2026-03-25/listings.csv.gz,18052181,b035f55fb46b310b3e7ab5e360a41639e438a29bde5cde50ccab7ea5aa0deee0
data/raw/united-states/hawaii/2026-03-25/reviews.csv.gz,179019185,56d0fbda59cc77e84b8e44fbad357bacf210649ada6925584ce1954989cad712
data/raw/united-states/hawaii/2026-06-21/calendar.csv.gz,36459482,f6d1181e81ed20d62c842a92986737fc7971f92dfa4d6c1c2b08c1721fc0d24d
data/raw/united-states/hawaii/2026-06-21/listings.csv.gz,26620941,e71820e4b217bc2d2aad9e0cce6f8c8f026743f775d4196f3a77a7caba33534d
data/raw/united-states/hawaii/2026-06-21/reviews.csv.gz,209547064,356c5f931227cc0e784679681e6494e317e61c3dd9e1f73d5d461482760c987a
data/raw/united-states/jersey-city/2025-09-25/calendar.csv.gz,1600393,d46abe5bdfce6d092e868c72491b58568e02e72401d85365ed15dad20e64184a
data/raw/united-states/jersey-city/2025-09-25/listings.csv.gz,988144,1c018a3168b4f9cd275aaf6bd349139235a632e29ea015a38ee31ddac274a057
data/raw/united-states/jersey-city/2025-09-25/reviews.csv.gz,8994038,e15e741dc8ce15c3fa94f5399baa11da6d9744c9b5abd0567772622259168f08
data/raw/united-states/jersey-city/2025-12-28/calendar.csv.gz,1830163,a04c8124df83b57bf6a94eefe5423a3442fdbb4e0e4e643e2f555b40b140edea
data/raw/united-states/jersey-city/2025-12-28/listings.csv.gz,939104,f044c689c074e075b136506092168a17ed5d74ce0c93858cf0eaf566ab9988a7
data/raw/united-states/jersey-city/2025-12-28/reviews.csv.gz,9560638,73da4e3810dcd1898bee955ebb2f97631224792798bc721d7c02601412c36eea
data/raw/united-states/jersey-city/2026-03-29/calendar.csv.gz,940129,184af7fdc1df63baff760bac5e91e61b2fa9bc9b13edf538fe455e2e5ec1f917
data/raw/united-states/jersey-city/2026-03-29/listings.csv.gz,504503,0d122cd9ec66a9906d04a72bccc714c4eb5181719ffd58a0827a2508200d4441
data/raw/united-states/jersey-city/2026-03-29/reviews.csv.gz,7044368,2f2bb4316a66635b91b701479ed6c98564c1700a144a403310308efad1c39e19
data/raw/united-states/jersey-city/2026-06-27/calendar.csv.gz,2021146,9d728f5f7aad755436613d01a5ed85afaea5717614cd0272777de01923f23b67
data/raw/united-states/jersey-city/2026-06-27/listings.csv.gz,1336176,9d48073e30b0ed7309ed46fa05af1b31c25b8cf1caa3eb494627e2c33770e91b
data/raw/united-states/jersey-city/2026-06-27/reviews.csv.gz,10561975,86a6e86147bd491d7a16813ae6b4851f8b19bd1a5956bbc1fc913272f2032b90
data/raw/united-states/los-angeles/2025-12-04/calendar.csv.gz,40666206,9f96adaf330f79c6e92f7d30bca2c149c1f9fde337dff6ad32bc771948688598
data/raw/united-states/los-angeles/2025-12-04/listings.csv.gz,27075172,3aedc602b42fb98932eac379dae13d2ac2992ee705667ff456be9bef69c0e60d
data/raw/united-states/los-angeles/2025-12-04/reviews.csv.gz,193898646,4cfb55497b32a12ce578b1ea8a12a2008e59f6512633cc520b30e10960027783
data/raw/united-states/los-angeles/2026-03-16/calendar.csv.gz,38882513,c6cb1f8772cb137ee83c8d118d1214989a59befde7c0128fbe2a61151e654ace
data/raw/united-states/los-angeles/2026-03-16/listings.csv.gz,27922658,ffdef08afe58b62e57cffb9da0f1daa97bf76e223fe98ce9e2022dd330976fc6
data/raw/united-states/los-angeles/2026-03-16/reviews.csv.gz,198311083,c1eb3933510a30dce0435607e8367b08e41f249bb06d43732f6bd43eee546705
data/raw/united-states/los-angeles/2026-06-15/calendar.csv.gz,38449668,4180689f72077a63d1aac84ec7c7c654bfb0d1fac61cdcbf16be4d16d808817e
data/raw/united-states/los-angeles/2026-06-15/listings.csv.gz,26839900,ebc99e8a5ff2f60cbd91323571c2bdf1f8c2c74fe3ac9669d7c9a24d2294dec5
data/raw/united-states/los-angeles/2026-06-15/reviews.csv.gz,202548737,22e3bded430900ccfc8f26da34f45dddb669bb8ce047bc4b0575e90835a64665
data/raw/united-states/nashville/2025-09-23/calendar.csv.gz,8712517,b0f3fdc5424206a3059a54a423ba0541d28fabc744dd801dda09b786d8944836
data/raw/united-states/nashville/2025-09-23/listings.csv.gz,5675145,ee4b83816a465be3df5b645ca510c38aba3ad9bab17e275c3377488a54c07e32
data/raw/united-states/nashville/2025-09-23/reviews.csv.gz,76343802,2173361213a0dca30cb7629e44d400bd0393d7674b45d9c93ab5db4eec1b3c91
data/raw/united-states/nashville/2025-12-27/calendar.csv.gz,6224935,3fc179e442d3b91812ea8672b17ec1f7ef56f4d0e591f495ccb83acc9a48a3bd
data/raw/united-states/nashville/2025-12-27/listings.csv.gz,3435724,c87fb838e3055c70d52f9efbcd150950045862e1ba4fe402225c375912e7a3ba
data/raw/united-states/nashville/2025-12-27/reviews.csv.gz,62882753,7155f4c806a9c902e620255b363a9c509ce8631ebf722495f0f5df6f79eca115
data/raw/united-states/nashville/2026-03-28/calendar.csv.gz,5660491,d10bbcc593a8c0cb97b828a191e566417c8b738ac331c3da874cf4f7e36f593f
data/raw/united-states/nashville/2026-03-28/listings.csv.gz,3190096,4189ce486735d65c5b7db2d96532438baf923bb8324e39774972d0c72cc5424a
data/raw/united-states/nashville/2026-03-28/reviews.csv.gz,64210974,f2f6bacd32b8b6e361482312d7dde7ebcc5f75b416e0cada37d88b7eb69e5fe7
data/raw/united-states/nashville/2026-06-26/calendar.csv.gz,9421844,10f3c4e05e2edd0cbaf3f6e82681114e3b1f5700209e967197afa4d67c9882f4
data/raw/united-states/nashville/2026-06-26/listings.csv.gz,6073378,3371fda770bae5e262218535c2db2393bf2b757e488cc6b0b4de07d797a169e4
data/raw/united-states/nashville/2026-06-26/reviews.csv.gz,82045496,ce28c7833d6f63e2feafc3fca34cbdc7faa834f247bff2d0a8078218914b70b9
data/raw/united-states/new-orleans/2025-09-11/calendar.csv.gz,6603371,ad6c0de9b77fbdb70d6b6e3d0c692cffb30a6a46ab51d6d2166f6fd776c3b2ee
data/raw/united-states/new-orleans/2025-09-11/listings.csv.gz,4011814,c3fb728312a94f5de58127cc1490d1018a805d547e7d6239a74b363f1e25cf4f
data/raw/united-states/new-orleans/2025-09-11/reviews.csv.gz,55553593,82788caa53066346f89b646044c462d5c35e1a64a158be5640808350b77aa02d
data/raw/united-states/new-orleans/2025-12-12/calendar.csv.gz,6591276,9fcd510485fbd5f79898d61e02145afcf71a3c8a4e21efe7f8475592aad9e60c
data/raw/united-states/new-orleans/2025-12-12/listings.csv.gz,3429787,8f0e61479b87db7544c83fb89fb49b5a63e3700b0c7967f4c0b658f369e8e069
data/raw/united-states/new-orleans/2025-12-12/reviews.csv.gz,56997028,502ffed5c03307f72fbb587b4173c204d7ee608b2615bfb8015b435b7be14650
data/raw/united-states/new-orleans/2026-03-19/calendar.csv.gz,5612585,701fe820ead144a42372fa0c67e94b3cd21c5f5fa0b9f4ac2ad48be165dbade7
data/raw/united-states/new-orleans/2026-03-19/listings.csv.gz,3388097,d2f5201b7396f2284e1ade18d427e24e8e71025d1f8b9a67ab821fd8795764ef
data/raw/united-states/new-orleans/2026-03-19/reviews.csv.gz,52889254,47b03dcc8fde79985f46b8498a9172947d26b69b2c42af6d69fbebe0a24757a4
data/raw/united-states/new-orleans/2026-06-16/calendar.csv.gz,6482537,96667a7523e5b477dbb2247f3c8bf4b55cbac044e4ed3bc9593b77b84258e919
data/raw/united-states/new-orleans/2026-06-16/listings.csv.gz,3818803,b608bedbebd1ba444c4296570de19e7e7cf50fbc90130d57e279177af5422b56
data/raw/united-states/new-orleans/2026-06-16/reviews.csv.gz,58124993,51a16d942059733b532c93840a83dce8536266e4465acce1e37873c0e9b4c67a
data/raw/united-states/new-york-city/2025-12-04/calendar.csv.gz,31711038,a065157d265f9f80a436101b2130bf51fb44fefcf850f24555286668d4984216
data/raw/united-states/new-york-city/2025-12-04/listings.csv.gz,18328158,bc9d89511d5b67ea5ba3caf5c4580af7857712679dbe72130e635c738610f835
data/raw/united-states/new-york-city/2025-12-04/reviews.csv.gz,119705158,36ce317500c0a0e279b4691b73203677355bbfc5ffba9ed059c9727a6d04a544
data/raw/united-states/new-york-city/2026-03-16/calendar.csv.gz,29347960,03dff769597088d1c74b5c821fb8ae179c2244b0922fc1ac6ffffc3419a91412
data/raw/united-states/new-york-city/2026-03-16/listings.csv.gz,17574953,13b4f036bff80bcf6df26d732b3f96059827022110e09bdb6696ac3c6581baad
data/raw/united-states/new-york-city/2026-03-16/reviews.csv.gz,121109311,b06a65a2846c01bce562c8e61a9557a0c981b86f7b05964f4b9c784c40fe3300
data/raw/united-states/new-york-city/2026-06-14/calendar.csv.gz,25904041,1023688159497ffccdfabe81e163d31ca4fae7af4b4e87bed119168531e4648d
data/raw/united-states/new-york-city/2026-06-14/listings.csv.gz,15694632,10eb56b21ec71a838b30ef47b836f3d375269baeed5ff9e5c35ff3c6a98d3ca7
data/raw/united-states/new-york-city/2026-06-14/reviews.csv.gz,119440985,6c123a5e31c08df5f659f6eb1ddbc45eae2fb64ca919589c08943d1180738335
data/raw/united-states/newark/2025-09-30/calendar.csv.gz,1613925,466d4964e2871872a0e31d3fe04a855d0cecb430ef95c3c89bf993f3b6bacf4f
data/raw/united-states/newark/2025-09-30/listings.csv.gz,835292,e5634a55b9bfdf6d93fec1996a3900081c03902462ec521bbd24b7692350b762
data/raw/united-states/newark/2025-09-30/reviews.csv.gz,6258537,2c9911d0b6a4a335cab03edfc4627343c956e6928155f6397687c6b22acb4963
data/raw/united-states/newark/2025-12-31/calendar.csv.gz,1535668,35b7c88a5bac7b56877057d6625dc958f83edad35ba9116f557dec00f957a89f
data/raw/united-states/newark/2025-12-31/listings.csv.gz,684888,b5b8f9e487a5eac2adfafa874bc87d32d9933a0458e4a40566957fbf8645cf63
data/raw/united-states/newark/2025-12-31/reviews.csv.gz,6320579,6135d9f639e8427f316e74988f21a31572f41fe09dd4c34cb69ca09dbb4dd188
data/raw/united-states/newark/2026-03-31/calendar.csv.gz,1261536,fa6946bb8227233f82cd429bbfba47e0f77b03ea56b0e4c68460a9d06efcc049
data/raw/united-states/newark/2026-03-31/listings.csv.gz,724993,e9b172b475d3ce34615c100e001df2ddfea4af1b40a9dfc97e38b0d2f29ae82f
data/raw/united-states/newark/2026-03-31/reviews.csv.gz,6058014,7b5ce9e77a8e8a42ea0e99e16d820129e043cb9c804656a73a5ed3c4570e9e43
data/raw/united-states/newark/2026-06-30/calendar.csv.gz,1750148,a79d7ff45451d78301e689b82da8a679f066f5e0e8362b41f0e87d6b421c8275
data/raw/united-states/newark/2026-06-30/listings.csv.gz,1005011,4e6a5cd7fd5154e703089fd70bc6348613edeead06e49756a5ed231b71ff1429
data/raw/united-states/newark/2026-06-30/reviews.csv.gz,7192635,a44eef7e1003c97b656239df028b53d1ce72a7fc668f55f102c3b01687fcf6aa
data/raw/united-states/oakland/2025-09-25/calendar.csv.gz,1900237,daddc6d50b3a08d0a3f43c78ff23d099479380ec2cfa233e2c94489b6e539191
data/raw/united-states/oakland/2025-09-25/listings.csv.gz,1359504,fd379cc8381bae92f11916dea30e3f46bb11eabee424feec87136e9e196a17c2
data/raw/united-states/oakland/2025-09-25/reviews.csv.gz,14224050,39245ddba5a1f5ec9605fac648c377ee649cd9ee11457112077600fbf4b36257
data/raw/united-states/oakland/2025-12-28/calendar.csv.gz,1992256,56bccbabffc722161ed38f659cf1ff434514a3754f88295ed87bb914dcd67279
data/raw/united-states/oakland/2025-12-28/listings.csv.gz,1166133,82c94d2e98a4d8be8e1f85c5455331e31ddfbefda0421645a221d87e90b32a3c
data/raw/united-states/oakland/2025-12-28/reviews.csv.gz,14292854,424c2deeb3ade64331ed70e0aed0c30e801301abfdb01edc12d70f65349ec54d
data/raw/united-states/oakland/2026-03-29/calendar.csv.gz,1136775,6b655ee999902264fb7205165f25e99483727f3ce7cc63a476cd20c53c22bc86
data/raw/united-states/oakland/2026-03-29/listings.csv.gz,676446,793b9b853f6cce402fdf98192f5c2accee313854ba6c32f2ac32132e7073d890
data/raw/united-states/oakland/2026-03-29/reviews.csv.gz,11016573,0741f2c0027a6a22a12b058137e08055260762d437265351e3bdfc53fb8ab7c3
data/raw/united-states/oakland/2026-06-27/calendar.csv.gz,1822881,e2ca3ad189d8c60460ff9013458e4c7e364bbaa9df869ed3d3fba533f2128052
data/raw/united-states/oakland/2026-06-27/listings.csv.gz,1349638,7c04a86c6d661c41322138bd699d36fbcf6ed3b563f9050b99be9251f049329a
data/raw/united-states/oakland/2026-06-27/reviews.csv.gz,14596682,434ee290b5597b9700a71505cec99b0119ef209061ab18b537f0922035e59f0c
data/raw/united-states/pacific-grove/2025-09-30/calendar.csv.gz,255054,9e3280e544e46db38011af03e7225944fb313b5d5bc33d1528d1b66e6a0b3d12
data/raw/united-states/pacific-grove/2025-09-30/listings.csv.gz,152634,95b3e772c005aed0b6cddf13b0287adb9f13b82c3778e807e81c4e051bd0d5ce
data/raw/united-states/pacific-grove/2025-09-30/reviews.csv.gz,2825572,b3e15e08881d2c379e1f1aad92efa35588fdaebf91c412b23ee2714f91b7cff4
data/raw/united-states/pacific-grove/2025-12-31/calendar.csv.gz,229145,3200ef6e4fc937986570eab570670213764800b59af5d7d3324b979149dfc6c3
data/raw/united-states/pacific-grove/2025-12-31/listings.csv.gz,113835,f8f4e8aae16a74ef3b5c133ddc209aeffdfd79e1525a8900412dfaad84c95c35
data/raw/united-states/pacific-grove/2025-12-31/reviews.csv.gz,2587722,0d11ee8a87a213d987f46b56a885330de76d4bfccf5e11243ddb2cb5f1378c24
data/raw/united-states/pacific-grove/2026-03-31/calendar.csv.gz,116828,160c1fcf2a8338c51e5315651e24b32392d5860dbcbf76fc504b67cc8e875550
data/raw/united-states/pacific-grove/2026-03-31/listings.csv.gz,70268,6caf1c79a7ad155caebfd001430f26e076419ba30552512dfb7363d40e2c6f3a
data/raw/united-states/pacific-grove/2026-03-31/reviews.csv.gz,1911328,572c3ffe23237f841b46aa6367c861ec87c7ecccee0a09b942b3361faa8bafe7
data/raw/united-states/pacific-grove/2026-06-14/calendar.csv.gz,237131,e32015d0927bc8a265ac3464cfc3d4893d95782ff351b3c8fbcc77d912a99cb5
data/raw/united-states/pacific-grove/2026-06-14/listings.csv.gz,151506,6411a3a986ed0e7e4e057f6ffccfe3a899455fc68cb8178cb23fc97cfb7d7076
data/raw/united-states/pacific-grove/2026-06-14/reviews.csv.gz,2955975,2e1a3b6ee5871f34a426e3b8a74504f30e3542dcd145aaf4e00821a011b1eeb3
data/raw/united-states/portland/2025-12-04/calendar.csv.gz,3857884,6b00a8a26e4ec6bb7f1bef138ce36abfa50790434d327b86843fa710de333314
data/raw/united-states/portland/2025-12-04/listings.csv.gz,3012406,58dff23c4d7404eb9f6d529054f657d98f809434b07dfe963aa0f1419780f027
data/raw/united-states/portland/2025-12-04/reviews.csv.gz,52371891,65c2494ead2d8e9d97d86ab834e9ecf9bbe4bfb59f85a1b88797b8806d168254
data/raw/united-states/portland/2026-03-16/calendar.csv.gz,3782035,c35b91c7b183a0e2337f485f0749ad39b11cb08c615b6f3237e9c8059b618c49
data/raw/united-states/portland/2026-03-16/listings.csv.gz,2777560,47e2824c71e1490ec792f313f4695f1a709635dd8e511762bc9afd44443bf160
data/raw/united-states/portland/2026-03-16/reviews.csv.gz,52847457,4dda14f05d7ce787337490dda024ff0673f3cb63233718295d94ab731413430f
data/raw/united-states/portland/2026-06-15/calendar.csv.gz,3602630,b99ac3ca4a6750e33cd9e75ab31d8db2c6da4913f37f94f98c06a2f1e44b80d6
data/raw/united-states/portland/2026-06-15/listings.csv.gz,2685234,af13bc2f6b14f83c64d69b1ddf78933a68827a34749d527f80ba208a8dddc6c2
data/raw/united-states/portland/2026-06-15/reviews.csv.gz,53218567,d0b1236b98d87279e0458914436d1ebdc914345bd7e67464b277547a42644b58
data/raw/united-states/rhode-island/2025-09-30/calendar.csv.gz,4996813,afc9e711b844359f051c67e296eed92493226e62acb77f127aed545935149e78
data/raw/united-states/rhode-island/2025-09-30/listings.csv.gz,3184242,e6b1c07b67e951ebe8f98eb74f40763bcf66c04bed8006d7ec5f39c558fa8e91
data/raw/united-states/rhode-island/2025-09-30/reviews.csv.gz,29909934,871f2c9fc8f15a46f080b0d99ff75078528530c8665ddcd9b4b26721b9ebd0cf
data/raw/united-states/rhode-island/2025-12-31/calendar.csv.gz,4420498,7f0fa774b3450d3e7b3185eb7e776d4e46369a38e8357b6854892ad931655f50
data/raw/united-states/rhode-island/2025-12-31/listings.csv.gz,2380245,3977fc9f391b85f7d1fb0c037d73e0477ce445ebca990bf9bbcfc0d82a008f82
data/raw/united-states/rhode-island/2025-12-31/reviews.csv.gz,27074153,ebf28722df68af35ecfeb3458e77f8f485a02df3a40a8276de09e280b20b8c68
data/raw/united-states/rhode-island/2026-03-31/calendar.csv.gz,3620054,913c43f6c410ea9b4a5c28fb0486ace63f00a8f3069383e87c2e86108ea81e42
data/raw/united-states/rhode-island/2026-03-31/listings.csv.gz,2482774,9148ff4873ddcaf3bfe7894f9a5e4ce6d6e52d41eadf6fde14db5add487c0a79
data/raw/united-states/rhode-island/2026-03-31/reviews.csv.gz,25765043,02607b2b3d5dc7c131d3e5bf59d5d328c09d423b2deb50473188c53c5ca74958
data/raw/united-states/rhode-island/2026-06-30/calendar.csv.gz,5298682,084e541d1f28e03cac2bc931821825107a0f38f6ffa99e6629ff4ca3158a80cb
data/raw/united-states/rhode-island/2026-06-30/listings.csv.gz,3751280,cf2b9cf089932abc0ee683a0435ce14f66cc3139469423f0ff5a9d0587370af6
data/raw/united-states/rhode-island/2026-06-30/reviews.csv.gz,32351980,74f76f8aff44ba8ed92711a04ee200b7ac59a95d54a419a764b394e529fe5dea
data/raw/united-states/rochester/2025-09-25/calendar.csv.gz,865538,f0bc4dc3a38f5bbe92a7b1ddfa7c7d347858519d581532cfb6664c029a6e691f
data/raw/united-states/rochester/2025-09-25/listings.csv.gz,539716,855c44d4cef58b24e86914ec87cdefbae375a1b8bc9967233dd59204a2a43706
data/raw/united-states/rochester/2025-09-25/reviews.csv.gz,4923657,01a2f9235039045e852f3ff11c65b580b2483ed30768958ed0f3bb2ca756bbe3
data/raw/united-states/rochester/2025-12-28/calendar.csv.gz,927365,a46c704c9e2dc5f2351158077f2445fe5fd0ee4b695f74b24c36b9f368075e79
data/raw/united-states/rochester/2025-12-28/listings.csv.gz,480615,f43c9a383c545f0c7e1a06bbecf0361013aa827747d17941ef89db21fc4e3ae1
data/raw/united-states/rochester/2025-12-28/reviews.csv.gz,5151523,c8e2b93a7ca793ecd8ee50618e3ee22cc8c7185c5f4e0dfb0e0554f95089452d
data/raw/united-states/rochester/2026-03-29/calendar.csv.gz,649112,b89a18fd22ebd28ea513aa2d999545757053da3e121e207c743c5edc1f9aee67
data/raw/united-states/rochester/2026-03-29/listings.csv.gz,348833,f518c8f85fe72e4ddc968021c2b3603ffbcd4714e69545bdd6526f22348906f0
data/raw/united-states/rochester/2026-03-29/reviews.csv.gz,4446077,5a3f2adbc23ad8a10d7bbd9bdf81eda64c22841c5f19c49b38ff3b880171e36b
data/raw/united-states/rochester/2026-06-27/calendar.csv.gz,901645,5c7e880e4511d8cb37d7885aaa8ca92e7333a7feaf7b3fe0fbff796c9fe19e23
data/raw/united-states/rochester/2026-06-27/listings.csv.gz,582459,eba8eb498e526407fda260ddfd15b785ed6ee37c2812b281fff03b7695510ef3
data/raw/united-states/rochester/2026-06-27/reviews.csv.gz,5290968,a090f3efd134880ffe5db4ef74d16840d9899d797f4d9b15eaddb781833f6acf
data/raw/united-states/salem-or/2025-09-25/calendar.csv.gz,310481,faaf657e5aabe53f1089506cacc60e76da0ec74feebc6c06a47fcab0532f25a3
data/raw/united-states/salem-or/2025-09-25/listings.csv.gz,189074,26b047e220f642e754bf73d2c1547ca4bbd35596b7c36e064c4949b12a8c5e45
data/raw/united-states/salem-or/2025-09-25/reviews.csv.gz,1989392,7c6b129c31595719ac2e4acbb0ae4bbe8b59982d9e508cd19be6c12ad04e8556
data/raw/united-states/salem-or/2025-12-28/calendar.csv.gz,250585,b3843097edd5d518a9eb489e113e994eb901e2e8f2438d0f3fa4bb72170cfecc
data/raw/united-states/salem-or/2025-12-28/listings.csv.gz,141489,643b9e6a03acfb9df241a9f6280dfbff7b6cfa630f1f81aecec08537f338e0b0
data/raw/united-states/salem-or/2025-12-28/reviews.csv.gz,1697710,81a5958f7a656d7eb6af416b7acec0e89551908c8f83c38bbf6b59f3abbbddd7
data/raw/united-states/salem-or/2026-03-29/calendar.csv.gz,177212,df6fcc418ea0823d6a7d92247d6bd55c84e7690a75a30daf9654f2600e9070cd
data/raw/united-states/salem-or/2026-03-29/listings.csv.gz,99675,817e8e60b9448cf030ac01e258cbaa586868fe43f2d87074b3c207072d7818b8
data/raw/united-states/salem-or/2026-03-29/reviews.csv.gz,1444531,c470044dc73caf2e307315138c332d75cd20757166f6a0ee8cf912f0739ec0b9
data/raw/united-states/salem-or/2026-06-28/calendar.csv.gz,307538,1f0d362206312493dc7fb8bd78f0949237a26368a66e2ae8432d088f086ace00
data/raw/united-states/salem-or/2026-06-28/listings.csv.gz,204762,6fc3cc4aec2c66972a78241ad0762276ab879714fd2dd9b04a45992ff2105b6e
data/raw/united-states/salem-or/2026-06-28/reviews.csv.gz,2048488,7c560be7afe5428708ca3da4475a57c16674d2383cd32c94a0a9a216b21d582d
data/raw/united-states/san-diego/2025-09-25/calendar.csv.gz,11501730,c6c381ba4d5db3065dc998e012ce31cb12340cf916383bc009d71282a21904b0
data/raw/united-states/san-diego/2025-09-25/listings.csv.gz,8378143,a95bcdd468102c1771fddfe88bc2c724187c8360b881b31005e51f74b33861f4
data/raw/united-states/san-diego/2025-09-25/reviews.csv.gz,99327306,20e673c112a1f60f2bff149d7d5d684548e2efdc3a2f74673d2c09806586c26c
data/raw/united-states/san-diego/2025-12-11/calendar.csv.gz,11750562,2f2278d38a109f5e8d006e8179c6e18d38c738dfb94a7769c28e8b90ab5cf792
data/raw/united-states/san-diego/2025-12-11/listings.csv.gz,7366802,bdeab0c683dcd9f77373712c752b2f8ce2d13e823c7d5fb8e530c07ab87f2e8a
data/raw/united-states/san-diego/2025-12-11/reviews.csv.gz,100513358,19189fd9e803af8523fc526faef2013b6f60732a95da4027a19cb240659b1d74
data/raw/united-states/san-diego/2025-12-22/calendar.csv.gz,11735812,3d0928f91003c99415ca86257218fe43de482bbcb46f01b26406a920fee10600
data/raw/united-states/san-diego/2025-12-22/listings.csv.gz,7055359,975b04ab0f78b74cfad09bbd21eef395958f40f085490e89ba0c1266abfa3465
data/raw/united-states/san-diego/2025-12-22/reviews.csv.gz,100999364,675d2dcbf9849aa2ee52ebea45f50485acd4a690c8e116b0783af6653770b1b0
data/raw/united-states/san-diego/2026-03-29/calendar.csv.gz,10382365,a7328947a8bfee68e8d9578853f7e1cb0e6fe9079db907589a979581e6822a7d
data/raw/united-states/san-diego/2026-03-29/listings.csv.gz,6344201,26b97c9ba319e9b9a1b54260c796dc238787cddcd021a2946a64a477ad7d5b5d
data/raw/united-states/san-diego/2026-03-29/reviews.csv.gz,96504193,1d5565bf8e9f55c15047b9c0b2a0d445e2ffe8c3d14aed5e5dbadb27e15d4381
data/raw/united-states/san-diego/2026-06-27/calendar.csv.gz,11665167,a8ca03740f4ae3c42601f5e9457b41eda0e28decac5b1702c1711f3f9d1a3b82
data/raw/united-states/san-diego/2026-06-27/listings.csv.gz,8996188,de360747802aa61a094e20e74f3e4f4e15c94f365a33c3acfb8ab106c89bb414
data/raw/united-states/san-diego/2026-06-27/reviews.csv.gz,105276452,02e9f9e6bf95cb28edc42572924e2a3d4822b544870a376115696d765ed23608
data/raw/united-states/san-francisco/2025-12-04/calendar.csv.gz,6555076,703542243f06cae606e3b1c6c950ba3d91f4c97ff126ea46578725a37f4478b2
data/raw/united-states/san-francisco/2025-12-04/listings.csv.gz,4207505,f4c626f88bf3b9f0073081e6ddfb9595dcfe4309754dc9e3765f2b566f73fc00
data/raw/united-states/san-francisco/2025-12-04/reviews.csv.gz,48276991,c8a1087875cd49a80cf6402d0e3af637f38b030662171954d4b89f7437b9a15a
data/raw/united-states/san-francisco/2026-03-16/calendar.csv.gz,6423681,651f502d12e6e1e6676b5dd812ee6ceadecd8f0a2b7ce380ff6b8565e1b72566
data/raw/united-states/san-francisco/2026-03-16/listings.csv.gz,4055724,602d4e0a204c7daf2f0007639e9e0fbf0e927c4df5314dce78635a550b7643ec
data/raw/united-states/san-francisco/2026-03-16/reviews.csv.gz,48508666,612ed095693286431ff14ccc1b662257b46e58c4effb36e733107a7978e76ae8
data/raw/united-states/san-francisco/2026-06-14/calendar.csv.gz,6348719,047bdac6be6967c3f00e904b48138559c49c323b5f9b585a463ba45e18068318
data/raw/united-states/san-francisco/2026-06-14/listings.csv.gz,4016666,62568e919cbf19ec5a16b4f9a39f92af5825bf333ece898ed78188d794208793
data/raw/united-states/san-francisco/2026-06-14/reviews.csv.gz,49717576,af9fadfb36dc780eae274207472940368e638b6b0483c088f37b75ae5f108bbf
data/raw/united-states/san-mateo-county/2025-09-25/calendar.csv.gz,3029304,7e8fc9fc2553730fd30ce1be9bb25494ed4daf4d328abe6fe1ff91f871d92ffe
data/raw/united-states/san-mateo-county/2025-09-25/listings.csv.gz,1869818,bf684d6fcf4b80d3105a724497ab696248a02ecfe23b00530bbd89669ece6eae
data/raw/united-states/san-mateo-county/2025-09-25/reviews.csv.gz,21918718,9530557a0171bc0488098a02ab6950c1539c3efddaf94f8f1a788eba531c4525
data/raw/united-states/san-mateo-county/2025-12-28/calendar.csv.gz,2534159,00e17b3218fb21dfa03f68b07b26a9bb973deba68938f22e32068123cfc15cca
data/raw/united-states/san-mateo-county/2025-12-28/listings.csv.gz,1369635,f1f70879d20c5cc5ef2363acb472414e30c208a904637b948c6ed9d0d7eb3fd2
data/raw/united-states/san-mateo-county/2025-12-28/reviews.csv.gz,20293701,550867ad66274134eb8b51538a7e9435b75038f9c0249ba4d07cfce08b8140f8
data/raw/united-states/san-mateo-county/2026-03-29/calendar.csv.gz,1734386,9754ab5eec198dca5d4db670844a2243fec65ea9c3b49f87cad844609d5cd491
data/raw/united-states/san-mateo-county/2026-03-29/listings.csv.gz,996113,be01cd1361bbc52a1bb5702dadbeae0d6edce8d60ed6c564402fa4e9cc5f87b5
data/raw/united-states/san-mateo-county/2026-03-29/reviews.csv.gz,17115100,64bad88b5831f02f15679ec31e714c8c958679fc3cc3550ba1115ac6aaf755c1
data/raw/united-states/san-mateo-county/2026-06-27/calendar.csv.gz,2883810,403ea11a0660f0c553343114d624949efad50733740b50a2bc847eaf3a6ebb08
data/raw/united-states/san-mateo-county/2026-06-27/listings.csv.gz,1953089,99e05b3682cac5e4cf373ef85c6854cde7e557dd9a27fdd0c6b6c4720aad0619
data/raw/united-states/san-mateo-county/2026-06-27/reviews.csv.gz,22440695,59eb0d8221473b339e744b6c9e47c7fe37f098ffbe4d2254c7442689e4aa644b
data/raw/united-states/santa-clara-county/2025-09-25/calendar.csv.gz,5918860,bbfae37befd18ab4abaf0d1a7e4be7656db7f0b4db4402a9c83e59a542e18412
data/raw/united-states/santa-clara-county/2025-09-25/listings.csv.gz,3627111,72c72086b247f9ad3460dfa448190cc94a2a54ac4ba3c00f7bdd98670930c08d
data/raw/united-states/santa-clara-county/2025-09-25/reviews.csv.gz,25772730,d94419bc9d09c82c0ef196ddc63cca2a426ec11a04705cbe44743aeb5528dc19
data/raw/united-states/santa-clara-county/2025-12-28/calendar.csv.gz,5036658,5bdb5b689d44cc896a12d3bfed9f4a7f92a6c31009ce097874bdf326a5e700d5
data/raw/united-states/santa-clara-county/2025-12-28/listings.csv.gz,2666226,197e897f132d6093e28a7cb0f59cb1ce0c972d6798b5509bdc3238cfd4c458f3
data/raw/united-states/santa-clara-county/2025-12-28/reviews.csv.gz,23732709,04901fc90012d1393d491f1897a29a876d71ca6fd21385de06ad3c0ed2772558
data/raw/united-states/santa-clara-county/2026-03-29/calendar.csv.gz,3349274,b65b535fbf39d28a3a85d1d2a4e3e3302340fdff8e5f3b28dbbb91aaceedd36c
data/raw/united-states/santa-clara-county/2026-03-29/listings.csv.gz,1870834,d3ce11baba66fc6eff98f312f8bbd8d6567336b6daf8f54b55864cd8316b5acd
data/raw/united-states/santa-clara-county/2026-03-29/reviews.csv.gz,20527687,9a07a5629a981f3c7c583fc540f08f74dcc19b1c33e46912c4688c44128d3271
data/raw/united-states/santa-clara-county/2026-06-28/calendar.csv.gz,5866137,225d4e29a0704009fa405d0e04c6299385ae0b2bba022b78c616c935f05378e6
data/raw/united-states/santa-clara-county/2026-06-28/listings.csv.gz,4247704,3198ec0994d0c2c1242d72e3008908b6806f42a02777db107e7c0ae903c7f746
data/raw/united-states/santa-clara-county/2026-06-28/reviews.csv.gz,27670044,ee34b1327d9cb6a2e5334dea259e1e20577b89373340d90afb1c13eea5557b2b
data/raw/united-states/santa-cruz-county/2025-09-29/calendar.csv.gz,1529788,f88f0efa404cde47a1a94024008de0164ecfb57207585e33ba71e7cb4754846b
data/raw/united-states/santa-cruz-county/2025-09-29/listings.csv.gz,1074506,0924a2a31353a3444282958bab3740dc46723d7daeee6a6a15b00418cc8c4e1b
data/raw/united-states/santa-cruz-county/2025-09-29/reviews.csv.gz,18781811,4e1af07e1cfa5057777481163063e711805a71c4ac01ef22dfe3f39750eb121a
data/raw/united-states/santa-cruz-county/2025-12-31/calendar.csv.gz,1423624,9d59e35febb2d48461bc5a42ab0cc1fa78c33bcab2711f01f1b0d1e2da1322e4
data/raw/united-states/santa-cruz-county/2025-12-31/listings.csv.gz,804254,a92cd74e36316f64261c508e81301fe42b1670d76784f52a4b9e20449fd5c7f7
data/raw/united-states/santa-cruz-county/2025-12-31/reviews.csv.gz,17672131,8e2614d2f627c79146c17889d486b54550ce2a9e260980041a5af6007c1bd5bb
data/raw/united-states/santa-cruz-county/2026-03-31/calendar.csv.gz,1092874,d4b3ba4d632f49c6adfb6d949160323f0e75a43117a7d820e028df7627a2a265
data/raw/united-states/santa-cruz-county/2026-03-31/listings.csv.gz,763695,61aeb68742a50184c048b60ee08450bb42e7948d85c00d7d4a8e124ed07ed221
data/raw/united-states/santa-cruz-county/2026-03-31/reviews.csv.gz,16234720,48010235a4239a7444c09356ab5f595abf3b3331d0e9622ab2ad70b163553930
data/raw/united-states/santa-cruz-county/2026-06-30/calendar.csv.gz,1597084,3b08c5a31cddfc47583fdd4a573d5a9bdf769ffd7a2349e60a5bfd6e355deed7
data/raw/united-states/santa-cruz-county/2026-06-30/listings.csv.gz,1147441,931af990c84b71d60bd663d4be7d6f1d49f7f2bddad479e3ba35cea21d185154
data/raw/united-states/santa-cruz-county/2026-06-30/reviews.csv.gz,20235801,5ef8927a67f27acc005a40d7083bc03de3019a8ba495a31aaf5b809fe09e437c
data/raw/united-states/seattle/2025-09-25/calendar.csv.gz,6102187,7d8b99c545535944fdf4d8d92413ea37851cd00a58319e3a5e8a13c6ebcff43e
data/raw/united-states/seattle/2025-09-25/listings.csv.gz,4570621,975c138dbf0f8f7826557da3ffb67de89d4500a424e08d470ab35fc849c0e743
data/raw/united-states/seattle/2025-09-25/reviews.csv.gz,62981112,020d11ca15030efab0dd7bd19f40e54aa5559bb8c56cbe0314949ecc98105556
data/raw/united-states/seattle/2025-12-28/calendar.csv.gz,5765594,fd11456fafa579731458f0b9cc81e3ea1b77ac37b4c514f068fd6aa36d2b9067
data/raw/united-states/seattle/2025-12-28/listings.csv.gz,3545666,be3fcac9a42f464537a3a66c99bf084bf7a49c431dae2399a536ada3d30d640b
data/raw/united-states/seattle/2025-12-28/reviews.csv.gz,59947832,ce51ab501dd237739ef55df690f72b76083cc7751561b379b68313b1239af62d
data/raw/united-states/seattle/2026-03-29/calendar.csv.gz,4082846,9f78367d57533bf6e45ba48ab6972dae3e6314cd5ea2206628e6573cb3a276c2
data/raw/united-states/seattle/2026-03-29/listings.csv.gz,2613760,70d10ccd2a9c317c1e80f05a8381c95ea8e316f15e34357a50e4ac71ed684c69
data/raw/united-states/seattle/2026-03-29/reviews.csv.gz,53364363,291b6d1d5aa843cad03d30630f9aea9c678191965c54a52d9fe096c0bc2299e3
data/raw/united-states/seattle/2026-06-15/calendar.csv.gz,6818943,292c3d36768bc2d5dc18bb73de797d13346b2faa1b147a479f7b0dccfc2e0df4
data/raw/united-states/seattle/2026-06-15/listings.csv.gz,5258497,6fd58b14da98441f7c0cf7d37117a8b9241fcbfc23d7077ed004fb6aa7114145
data/raw/united-states/seattle/2026-06-15/reviews.csv.gz,67566181,340e2f04e6181984cdba958b5f1c395a9bf16ed95c1c2cf0eb70522278286d1f
data/raw/united-states/twin-cities-msa/2025-09-23/calendar.csv.gz,4697224,c023fb4121d2729749cda14ab2e811e5c00f00f81f7846cb9cf9e056dc483ffb
data/raw/united-states/twin-cities-msa/2025-09-23/listings.csv.gz,3275021,6dc9b2378b301cef0cbc1b6ea207f979779ed523e4b953444d04eb4a4bb68ba3
data/raw/united-states/twin-cities-msa/2025-09-23/reviews.csv.gz,30731483,1dfa00bcb050a46093c9da6b5e0f6a09b7648043d8f10e8a59ff2dbbbd6dcaca
data/raw/united-states/twin-cities-msa/2025-12-27/calendar.csv.gz,4929895,9ab6a1ae8f41c78d9b4157dbcec8b29752cf8f9b4313036c5e099e9f89d92a99
data/raw/united-states/twin-cities-msa/2025-12-27/listings.csv.gz,2839834,2dd0f9aad626e37268e8063cdd9dea6ade3bbe4fb20fc5d457738a6e6c9de5f5
data/raw/united-states/twin-cities-msa/2025-12-27/reviews.csv.gz,31471731,a1abc1fa1fade59b5c4db99e379a7d277f252fa835e754bbf6e53ea0312e8578
data/raw/united-states/twin-cities-msa/2026-03-29/calendar.csv.gz,3712352,35acdbc744eb2d3cfc0de2a393679c219a09adf2554d310f2341afa94aab2393
data/raw/united-states/twin-cities-msa/2026-03-29/listings.csv.gz,2200735,116a62e3dd4d7f8959b23066c0607d8f0b13437fba07f7720784522d1a662ee0
data/raw/united-states/twin-cities-msa/2026-03-29/reviews.csv.gz,27732776,31b51fc6cedb3c20527aac7c49b185011ab90b176c36bd35424dde7bf7f0b006
data/raw/united-states/twin-cities-msa/2026-06-27/calendar.csv.gz,4784113,51de6000c1b97a3f86a0c9ea6a1f2282c39d71a217bd4480ea26899f4a60db92
data/raw/united-states/twin-cities-msa/2026-06-27/listings.csv.gz,3434051,e5b85e85b70c0b777622759461bb0830018974cc41e9fc6ff9ba2ef4897e4b86
data/raw/united-states/twin-cities-msa/2026-06-27/reviews.csv.gz,32466808,06ae79cefefd505429d3fd72cc742ecb4ab80659d5774cdc9c9e8aea71434034
data/raw/united-states/washington-dc/2025-09-22/calendar.csv.gz,5581256,bc139b8c1c0966557d5791825b321ab38af3dcdcad09a58d257902e805f1904f
data/raw/united-states/washington-dc/2025-09-22/listings.csv.gz,3926626,8074007e9316d9a8edf33f5299db14f2efa63fd6525ac89e3da114974ae3c41b
data/raw/united-states/washington-dc/2025-09-22/reviews.csv.gz,49676465,9b4dac936b26baac6f42d44ed958200410ae2357b32aa4214ce79617a87958b0
data/raw/united-states/washington-dc/2025-12-25/calendar.csv.gz,5772360,d4a1debbec895dfc7694e9bfb21cca587f82819d909ba82235f4efda4b76a526
data/raw/united-states/washington-dc/2025-12-25/listings.csv.gz,3199400,d68f86093c8e9e5fbea09b5db5d5285aac3830bd949510f6292dfdc5836baa37
data/raw/united-states/washington-dc/2025-12-25/reviews.csv.gz,50618206,64ea3f783d3217dd036c2c12d79ede56cfbb0abef8d2056c58432e79a523e794
data/raw/united-states/washington-dc/2026-03-27/calendar.csv.gz,2981305,85acefa10e4a0d91e0d69948d0aba588f2526ca7802c322602f5732216ffff14
data/raw/united-states/washington-dc/2026-03-27/listings.csv.gz,1742283,f68a5729fc59d76a9fc32f439d486c4bede8d49ca9d7424fb7c89d1eb92189c5
data/raw/united-states/washington-dc/2026-03-27/reviews.csv.gz,36755274,54868d9800bd48542063fa7921fc9d65f745218ec1fd4887a58db1142e9ab1b8
data/raw/united-states/washington-dc/2026-06-24/calendar.csv.gz,6142946,7b473ae379f970cc3bae77422b95e9d724816d50d77c29991cb258edfb992f2e
data/raw/united-states/washington-dc/2026-06-24/listings.csv.gz,4030576,ec4c93b55abcc3ddf4fe4561f791d7393fca237d6551356582463e17d9d473a5
data/raw/united-states/washington-dc/2026-06-24/reviews.csv.gz,53637483,a0af24628bc4139db0407f7817b96cd763388e16c04d82435438febf8059b51f
